date,open,high,close,low,volume,amount,factor
2011-07-07,21.9,26.28,20.59,20.51,29237976.0,670017728.0,1.0
2011-07-08,18.53,21.44,19.64,18.53,14964673.0,296745632.0,1.0
2011-07-11,19.1,19.58,19.0,18.67,7994763.0,152017248.0,1.0
2011-07-12,18.7,20.05,19.78,18.5,8717263.0,167915632.0,1.0
2011-07-13,19.6,20.06,19.84,19.29,7290938.0,143404208.0,1.0
2011-07-14,19.8,20.58,20.41,19.45,9540930.0,191248336.0,1.0
2011-07-15,20.14,20.64,20.13,19.95,6883971.0,139874336.0,1.0
2011-07-18,20.15,20.3,19.9,19.48,5393725.0,106661400.0,1.0
2011-07-19,19.79,19.99,19.9,19.19,4868362.0,95071528.0,1.0
2011-07-20,19.7,20.99,20.72,19.58,10257136.0,209494976.0,1.0
2011-07-21,20.42,20.61,20.08,20.05,4825975.0,98038200.0,1.0
2011-07-22,20.14,20.44,19.91,19.85,3703510.0,74617744.0,1.0
2011-07-25,19.61,19.8,18.58,18.51,4262122.0,81007432.0,1.0
2011-07-26,18.59,18.9,18.85,18.01,2653171.0,49172984.0,1.0
2011-07-27,18.68,19.29,19.0,18.37,3014185.0,57207212.0,1.0
2011-07-28,18.8,18.84,18.51,18.46,2542078.0,47413308.0,1.0
2011-07-29,18.58,19.66,18.96,18.57,4600628.0,88005192.0,1.0
2011-08-01,18.92,20.86,20.86,18.9,9412909.0,191829984.0,1.0
2011-08-02,21.35,22.86,22.47,21.3,17825292.0,393367872.0,1.0
2011-08-03,22.45,22.47,21.99,21.66,8998579.0,198476048.0,1.0
2011-08-04,21.78,22.4,22.35,21.15,9489054.0,205609056.0,1.0
2011-08-05,21.4,22.28,21.06,20.9,7425391.0,160553824.0,1.0
2011-08-08,20.6,20.6,18.95,18.95,6591728.0,127318480.0,1.0
2011-08-09,17.7,20.0,18.69,17.06,7597264.0,136618848.0,1.0
2011-08-10,19.02,19.4,18.62,18.54,5565473.0,105728256.0,1.0
2011-08-11,17.9,19.13,19.1,17.52,5099278.0,94578912.0,1.0
2011-08-12,19.21,19.88,19.14,19.1,4961422.0,96202736.0,1.0
2011-08-15,19.05,19.6,19.52,18.89,4209345.0,81526520.0,1.0
2011-08-16,19.52,20.5,20.2,19.19,7677714.0,153438928.0,1.0
2011-08-17,20.0,20.19,19.71,19.61,4036538.0,80155048.0,1.0
2011-08-18,19.55,19.97,18.71,18.03,4485268.0,85581656.0,1.0
2011-08-19,18.2,18.37,18.2,17.9,2784087.0,50565084.0,1.0
2011-08-22,18.36,18.66,18.32,18.18,2113990.0,38926784.0,1.0
2011-08-23,18.4,19.95,19.9,18.38,5668232.0,109222128.0,1.0
2011-08-24,19.9,20.33,19.52,19.4,6358381.0,125641344.0,1.0
2011-08-25,19.51,19.92,19.87,19.31,4207834.0,82514568.0,1.0
2011-08-26,19.8,20.79,20.33,19.66,7228544.0,147456560.0,1.0
2011-08-29,20.1,20.35,19.75,19.75,3958898.0,79219024.0,1.0
2011-08-30,20.01,20.85,20.29,19.91,6574070.0,134190360.0,1.0
2011-08-31,20.01,20.32,19.55,19.2,3791689.0,74521272.0,1.0
2011-09-01,19.76,20.57,20.02,19.62,5197963.0,104884464.0,1.0
2011-09-02,19.76,19.76,19.17,18.81,3682360.0,70728232.0,1.0
2011-09-05,18.75,18.98,18.56,18.15,2347779.0,43445840.0,1.0
2011-09-06,18.28,18.74,18.13,17.88,1836713.0,33522618.0,1.0
2011-09-07,18.47,18.8,18.72,18.2,1841233.0,34109380.0,1.0
2011-09-08,19.0,19.0,18.25,18.22,2410159.0,44946292.0,1.0
2011-09-09,18.35,18.5,18.16,18.01,1362263.0,24792846.0,1.0
2011-09-13,17.98,17.98,17.55,17.5,1482612.0,26144434.0,1.0
2011-09-14,17.7,18.08,17.99,17.41,1598408.0,28469460.0,1.0
2011-09-15,18.1,18.24,17.8,17.8,1548495.0,27930026.0,1.0
2011-09-16,17.88,18.0,17.43,17.4,1561701.0,27551224.0,1.0
2011-09-19,17.43,17.43,16.28,16.0,2426980.0,40217256.0,1.0
2011-09-20,16.24,16.49,16.33,15.98,1431608.0,23262904.0,1.0
2011-09-21,16.28,16.89,16.83,16.15,2123552.0,35320784.0,1.0
2011-09-22,16.67,16.71,16.08,15.93,2209759.0,35960000.0,1.0
2011-09-23,15.58,15.91,15.65,15.33,1728901.0,26921294.0,1.0
2011-09-26,15.75,16.09,15.69,15.51,1346851.0,21277604.0,1.0
2011-09-27,15.8,16.0,15.91,15.5,1191203.0,18816210.0,1.0
2011-09-28,16.01,16.14,15.16,15.02,1675228.0,25869490.0,1.0
2011-09-29,14.9,15.0,13.65,13.64,2439813.0,34477188.0,1.0
2011-09-30,13.66,13.87,13.47,13.08,1492894.0,20061672.0,1.0
2011-10-10,13.5,13.5,12.5,12.41,6252398.0,79444024.0,1.0
2011-10-11,12.88,13.0,12.81,12.5,6734291.0,85957392.0,1.0
2011-10-12,12.71,13.55,13.48,12.42,6396474.0,83900488.0,1.0
2011-10-13,13.43,13.81,13.72,13.3,5336516.0,72415224.0,1.0
2011-10-14,13.61,13.68,13.57,13.22,3833537.0,51674724.0,1.0
2011-10-17,13.56,14.22,14.1,13.51,5627726.0,78522832.0,1.0
2011-10-18,13.93,14.07,13.38,13.35,4240768.0,58524464.0,1.0
2011-10-19,13.53,14.65,14.2,13.5,7178898.0,101900768.0,1.0
2011-10-20,14.06,14.06,13.97,13.46,4482131.0,61637964.0,1.0
2011-10-21,13.89,13.89,13.51,13.48,2430643.0,33181328.0,1.0
2011-10-24,13.59,13.97,13.91,12.83,3296818.0,44099104.0,1.0
2011-10-25,13.86,14.95,14.71,13.7,7059442.0,101681760.0,1.0
2011-10-26,14.5,15.17,14.6,14.36,7092207.0,105203920.0,1.0
2011-10-27,14.68,14.89,14.82,14.52,3833781.0,56353896.0,1.0
2011-10-28,15.02,15.15,15.1,14.66,5045253.0,75572888.0,1.0
2011-10-31,14.98,15.5,15.41,14.85,4685908.0,71813552.0,1.0
2011-11-01,15.19,15.38,15.25,14.9,4238126.0,64321392.0,1.0
2011-11-02,14.88,15.88,15.67,14.76,5004427.0,76495912.0,1.0
2011-11-03,15.69,16.06,15.39,15.39,5244661.0,82398728.0,1.0
2011-11-04,15.51,15.69,15.21,15.13,3743502.0,57500368.0,1.0
2011-11-07,15.19,15.67,15.54,15.09,3118460.0,48096504.0,1.0
2011-11-08,15.53,15.57,15.09,15.07,2280527.0,34919008.0,1.0
2011-11-09,15.12,15.36,15.34,14.8,2170828.0,32803212.0,1.0
2011-11-10,15.05,15.56,15.23,15.0,3339514.0,51091632.0,1.0
2011-11-11,15.25,15.3,15.15,14.82,1988378.0,30068972.0,1.0
2011-11-14,15.36,15.84,15.68,15.22,3941812.0,61374468.0,1.0
2011-11-15,15.64,15.82,15.73,15.52,2918902.0,45774568.0,1.0
2011-11-16,15.84,15.84,15.15,15.02,2709500.0,41487056.0,1.0
2011-11-17,15.22,15.29,15.14,14.69,2431882.0,36555668.0,1.0
2011-11-18,14.99,15.0,14.34,14.34,1755855.0,25842178.0,1.0
2011-11-21,14.34,14.49,14.44,14.13,1251746.0,17870716.0,1.0
2011-11-22,14.26,14.4,14.33,14.02,1233862.0,17565928.0,1.0
2011-11-23,14.33,14.65,14.32,14.3,1498359.0,21647960.0,1.0
2011-11-24,14.39,14.44,14.38,14.0,1732879.0,24637042.0,1.0
2011-11-25,14.36,14.77,14.26,14.11,1579128.0,22896360.0,1.0
2011-11-28,14.1,14.38,14.28,14.05,905120.0,12848362.0,1.0
2011-11-29,14.5,15.0,14.99,14.33,3058114.0,45111932.0,1.0
2011-11-30,14.94,14.95,14.06,13.9,2952047.0,42657928.0,1.0
2011-12-01,14.5,14.83,14.36,14.3,2502778.0,36398620.0,1.0
2011-12-02,14.36,14.39,13.95,13.92,1376945.0,19363992.0,1.0
2011-12-05,13.81,13.86,13.0,12.94,1427886.0,18944578.0,1.0
2011-12-06,13.0,13.15,13.01,12.85,1195679.0,15547657.0,1.0
2011-12-07,13.12,13.25,13.14,12.95,1127707.0,14780723.0,1.0
2011-12-08,13.27,13.46,13.27,12.9,1617784.0,21422474.0,1.0
2011-12-09,13.08,13.35,13.06,13.0,897289.0,11798482.0,1.0
2011-12-12,13.12,13.31,12.97,12.95,573905.0,7497967.0,1.0
2011-12-13,12.86,12.95,12.27,12.2,1648571.0,20511880.0,1.0
2011-12-14,12.01,12.35,11.95,11.9,946027.0,11438916.0,1.0
2011-12-15,11.9,11.95,11.65,11.58,1148882.0,13525173.0,1.0
2011-12-16,11.65,12.09,12.0,11.6,1064050.0,12594885.0,1.0
2011-12-19,11.91,12.25,12.22,11.62,1290240.0,15426913.0,1.0
2011-12-20,12.17,12.55,12.17,12.15,1295312.0,15960316.0,1.0
2011-12-21,12.45,12.45,11.85,11.85,1097445.0,13361638.0,1.0
2011-12-22,11.77,11.8,11.51,11.15,1269792.0,14548408.0,1.0
2011-12-23,11.42,12.12,11.86,11.35,1592051.0,18817242.0,1.0
2011-12-26,11.78,11.98,11.69,11.69,853127.0,10079303.0,1.0
2011-12-27,11.52,11.65,11.22,11.16,981146.0,11182923.0,1.0
2011-12-28,11.22,11.27,11.14,10.64,938956.0,10303644.0,1.0
2011-12-29,10.77,11.2,10.98,10.77,634454.0,7008540.0,1.0
2011-12-30,10.98,11.26,11.21,10.98,977686.0,10939392.0,1.0
2012-01-04,11.36,11.36,10.86,10.85,805369.0,8961794.0,1.0
2012-01-05,10.68,10.88,10.27,10.22,842164.0,8859539.0,1.0
2012-01-06,10.35,10.48,10.41,9.91,1075002.0,10942900.0,1.0
2012-01-09,10.35,11.0,10.92,10.17,1432728.0,15316305.0,1.0
2012-01-10,10.9,11.53,11.4,10.82,2324148.0,26169062.0,1.0
2012-01-11,11.4,11.79,11.67,11.33,2717112.0,31533566.0,1.0
2012-01-12,11.61,11.78,11.53,11.5,1466958.0,17051174.0,1.0
2012-01-13,11.53,11.6,10.8,10.72,2017928.0,22215078.0,1.0
2012-01-16,10.58,10.93,10.6,10.51,697946.0,7488936.0,1.0
2012-01-17,10.5,11.3,11.24,10.5,1168846.0,12850650.0,1.0
2012-01-18,11.28,11.6,10.99,10.75,1751558.0,19584898.0,1.0
2012-01-19,10.87,11.17,11.01,10.66,995898.0,10944046.0,1.0
2012-01-20,11.15,11.29,11.18,11.0,1002402.0,11201202.0,1.0
2012-01-30,11.28,11.29,11.12,11.1,1002359.0,11226311.0,1.0
2012-01-31,11.11,11.15,11.11,10.9,708183.0,7791767.0,1.0
2012-02-01,11.1,11.28,11.0,10.99,813994.0,9057346.0,1.0
2012-02-02,11.02,11.33,11.22,10.87,1198588.0,13262526.0,1.0
2012-02-03,11.2,11.72,11.65,11.13,2343207.0,26913962.0,1.0
2012-02-06,11.6,11.89,11.68,11.55,1755296.0,20563520.0,1.0
2012-02-07,11.6,12.26,12.14,11.42,4150368.0,49450428.0,1.0
2012-02-08,12.19,12.46,12.22,11.8,4802819.0,58225324.0,1.0
2012-02-09,12.12,12.38,12.1,12.01,5072535.0,61723140.0,1.0
2012-02-10,11.99,12.17,11.96,11.86,2441364.0,29333294.0,1.0
2012-02-13,11.89,12.27,12.17,11.77,2180928.0,26359162.0,1.0
2012-02-14,12.07,12.22,12.11,11.96,1786402.0,21518322.0,1.0
2012-02-15,12.16,12.35,12.34,12.01,2681192.0,32733762.0,1.0
2012-02-16,12.34,12.6,12.6,12.24,3773548.0,46876192.0,1.0
2012-02-17,12.66,12.77,12.73,12.39,3322407.0,41839708.0,1.0
2012-02-20,12.92,13.22,12.94,12.7,4106398.0,53198512.0,1.0
2012-02-21,12.94,14.23,14.23,12.62,5329075.0,71001048.0,1.0
2012-02-22,14.25,14.25,14.11,13.88,6946615.0,97519904.0,1.0
2012-02-23,14.02,14.3,13.94,13.83,3865577.0,54187512.0,1.0
2012-02-24,14.03,14.1,13.98,13.88,2438216.0,34134568.0,1.0
2012-02-27,13.97,14.54,13.9,13.9,5165301.0,73575352.0,1.0
2012-02-28,13.84,14.15,14.05,13.52,3343987.0,46087448.0,1.0
2012-02-29,13.96,14.11,13.85,13.71,1569403.0,21799028.0,1.0
2012-03-01,13.77,14.43,14.08,13.75,3192617.0,45237348.0,1.0
2012-03-02,14.05,14.72,14.54,14.05,4480834.0,64925948.0,1.0
2012-03-05,14.6,14.65,14.29,14.25,3262476.0,47018228.0,1.0
2012-03-06,14.15,14.32,13.85,13.77,2356326.0,32842202.0,1.0
2012-03-07,13.7,14.07,13.75,13.6,1419351.0,19694438.0,1.0
2012-03-08,13.85,14.04,13.98,13.81,1321052.0,18424114.0,1.0
2012-03-09,13.93,14.38,14.25,13.93,2111204.0,30058772.0,1.0
2012-03-12,14.25,14.74,14.73,14.22,3416952.0,49654648.0,1.0
2012-03-13,14.77,14.84,14.84,14.61,2869916.0,42245336.0,1.0
2012-03-14,14.9,15.19,14.05,13.62,4468985.0,65619088.0,1.0
2012-03-15,14.06,14.36,14.06,13.76,2729161.0,38485236.0,1.0
2012-03-16,14.04,14.49,14.46,14.0,2090950.0,29784668.0,1.0
2012-03-19,14.46,14.94,14.94,14.4,2603047.0,38427840.0,1.0
2012-03-20,14.9,14.9,14.48,14.4,2382178.0,34746492.0,1.0
2012-03-21,14.62,14.8,14.8,14.25,2074681.0,30322710.0,1.0
2012-03-22,14.82,15.8,15.26,14.66,5644562.0,86657888.0,1.0
2012-03-23,15.01,16.02,15.7,15.01,6327351.0,99336784.0,1.0
2012-03-26,15.7,16.4,14.96,14.8,5336247.0,83216784.0,1.0
2012-03-27,14.73,14.98,14.94,14.28,3762169.0,55080880.0,1.0
2012-03-28,14.74,14.74,13.46,13.45,3472776.0,48272008.0,1.0
2012-03-29,13.33,13.67,13.16,12.38,2225714.0,29317372.0,1.0
2012-03-30,12.96,13.31,13.16,12.73,1647394.0,21457944.0,1.0
2012-04-05,14.48,14.48,14.48,14.48,1416603.0,20512412.0,1.0
2012-04-06,15.6,15.71,15.34,15.11,9815683.0,151508112.0,1.0
2012-04-09,15.16,15.96,15.33,15.04,5688542.0,88733624.0,1.0
2012-04-10,15.1,16.86,16.86,15.05,9498075.0,152985472.0,1.0
2012-04-11,16.75,18.09,17.1,16.57,10443355.0,179858672.0,1.0
2012-04-12,17.01,17.53,17.38,16.82,6999147.0,120231776.0,1.0
2012-04-13,17.2,17.2,16.95,16.86,5210770.0,88580768.0,1.0
2012-04-16,16.89,16.97,16.84,16.4,3669374.0,61122312.0,1.0
2012-04-17,16.62,16.72,16.3,16.21,3476394.0,57076012.0,1.0
2012-04-18,16.35,17.16,16.9,16.3,5551840.0,93507008.0,1.0
2012-04-19,16.78,17.08,16.8,16.61,3306358.0,55460204.0,1.0
2012-04-23,17.0,17.08,15.25,15.12,5587979.0,88434464.0,1.0
2012-04-24,15.12,15.63,15.62,14.81,3372118.0,51548592.0,1.0
2012-04-25,15.8,17.18,17.18,15.7,6406200.0,107007400.0,1.0
2012-04-26,17.4,17.4,16.61,16.61,4638959.0,78679392.0,1.0
2012-04-27,16.22,17.18,17.15,16.22,4038693.0,68386856.0,1.0
2012-05-02,17.25,18.08,17.85,16.65,7206124.0,125839392.0,1.0
2012-05-03,17.411,17.718,16.96,16.919,9906309.0,83108512.0,2.048
2012-05-04,16.98,17.964,17.39,16.98,11460091.0,97775096.0,2.048
2012-05-07,17.165,17.288,17.206,16.632,7767658.0,64287936.0,2.048
2012-05-08,17.144,18.926,18.189,16.858,18876906.0,167203968.0,2.048
2012-05-09,17.615,19.93,19.356,17.615,26054224.0,241906624.0,2.048
2012-05-10,19.336,20.094,19.09,18.639,18852504.0,177887200.0,2.048
2012-05-11,19.152,19.356,18.64,18.394,11209903.0,102935760.0,2.048
2012-05-14,18.844,19.131,18.783,18.23,9177955.0,83662904.0,2.048
2012-05-15,18.435,19.5,18.844,18.435,13220860.0,122872080.0,2.048
2012-05-16,18.721,19.049,18.087,18.046,7589442.0,68901592.0,2.048
2012-05-17,18.046,18.353,17.943,17.411,7075494.0,61786300.0,2.048
2012-05-18,17.8,17.82,16.878,16.776,7015899.0,59237852.0,2.048
2012-05-21,16.898,17.37,17.062,16.898,3774145.0,31566072.0,2.048
2012-05-22,17.206,17.513,17.349,17.206,3185340.0,26963578.0,2.048
2012-05-23,17.206,17.329,16.755,16.591,5020085.0,41400748.0,2.048
2012-05-24,16.776,17.021,16.878,16.653,3907182.0,32134000.0,2.048
2012-05-25,16.98,16.98,16.612,16.591,2923926.0,23901596.0,2.048
2012-05-28,16.612,17.267,17.144,15.977,5276281.0,43009284.0,2.048
2012-05-29,17.103,17.206,17.165,16.796,5165325.0,43044108.0,2.048
2012-05-30,17.206,17.615,17.308,17.083,4740547.0,40219704.0,2.048
2012-05-31,17.206,17.206,17.001,16.776,3924896.0,32556220.0,2.048
2012-06-01,16.98,17.103,16.755,16.673,3025477.0,24911228.0,2.048
2012-06-04,16.345,16.55,15.813,15.567,3507192.0,27708948.0,2.048
2012-06-05,15.669,16.059,15.629,15.588,2538515.0,19523894.0,2.048
2012-06-06,15.67,15.874,15.69,15.567,1425634.0,10937942.0,2.048
2012-06-07,15.915,15.977,15.485,15.424,1702653.0,13037230.0,2.048
2012-06-08,15.71,15.751,15.116,15.055,2217603.0,16586358.0,2.048
2012-06-11,15.116,15.444,15.362,15.014,1903369.0,14163338.0,2.048
2012-06-12,15.239,15.301,15.096,15.055,1609133.0,11880037.0,2.048
2012-06-13,15.157,15.403,15.403,15.014,2099693.0,15657743.0,2.048
2012-06-14,15.383,16.222,15.833,15.178,5091250.0,39396372.0,2.048
2012-06-15,15.854,15.956,15.526,15.362,2878869.0,21931808.0,2.048
2012-06-18,15.547,15.792,15.649,15.506,1756141.0,13412243.0,2.048
2012-06-19,15.567,15.567,15.465,15.28,1787817.0,13462620.0,2.048
2012-06-20,15.424,15.69,15.67,15.362,2374002.0,18048154.0,2.048
2012-06-21,15.874,17.247,17.165,15.854,19098004.0,158929776.0,2.048
2012-06-25,16.591,17.37,16.878,16.427,11497763.0,94939688.0,2.048
2012-06-26,16.386,16.898,16.53,15.198,8165866.0,64093856.0,2.048
2012-06-27,16.284,16.98,16.694,15.772,6651123.0,53535008.0,2.048
2012-06-28,16.694,16.735,16.038,15.977,5185300.0,41712756.0,2.048
2012-06-29,15.772,15.936,15.813,15.362,4429908.0,33820636.0,2.048
2012-07-02,15.772,16.407,16.345,15.772,5169499.0,40873316.0,2.048
2012-07-03,16.345,16.796,16.591,16.182,6323935.0,51059476.0,2.048
2012-07-04,16.591,16.96,16.694,16.489,5842165.0,47737080.0,2.048
2012-07-05,16.448,16.448,15.526,15.362,6525381.0,50372648.0,2.048
2012-07-06,15.669,15.813,15.28,14.645,5392167.0,39750412.0,2.048
2012-07-09,15.26,15.28,14.85,14.543,2457487.0,17952048.0,2.048
2012-07-10,14.563,14.953,14.891,14.563,1653156.0,11942974.0,2.048
2012-07-11,14.584,15.075,15.035,14.584,1747798.0,12727111.0,2.048
2012-07-12,14.973,15.342,15.239,14.973,2231759.0,16577435.0,2.048
2012-07-13,15.096,15.239,14.727,14.666,2619760.0,19041722.0,2.048
2012-07-16,14.727,14.727,13.724,13.703,3128910.0,21655336.0,2.048
2012-07-17,13.703,13.806,13.58,13.334,1754437.0,11628893.0,2.048
2012-07-18,13.58,14.113,13.867,13.58,2527642.0,17054864.0,2.048
2012-07-19,13.867,14.113,13.99,13.662,2304271.0,15705012.0,2.048
2012-07-20,13.99,14.031,13.724,13.662,1502956.0,10151842.0,2.048
2012-07-23,13.519,13.56,13.457,13.314,1651254.0,10817218.0,2.048
2012-07-24,13.457,13.806,13.621,13.334,1448326.0,9603811.0,2.048
2012-07-25,13.642,13.785,13.519,13.498,1231824.0,8200021.0,2.048
2012-07-26,13.478,13.642,13.355,13.334,1121202.0,7400374.0,2.048
2012-07-27,13.498,13.498,13.171,13.109,1223579.0,7927233.0,2.048
2012-07-30,13.314,13.334,12.843,12.843,1237405.0,7867478.0,2.048
2012-07-31,12.699,12.986,12.74,12.618,1140653.0,7098860.0,2.048
2012-08-01,12.74,13.048,12.884,12.618,1254909.0,7912154.0,2.048
2012-08-02,12.925,13.806,13.13,12.925,2341840.0,15236876.0,2.048
2012-08-03,13.109,13.519,13.519,12.966,1788950.0,11591947.0,2.048
2012-08-06,13.375,13.806,13.744,13.355,2308623.0,15338372.0,2.048
2012-08-07,13.765,14.051,13.888,13.621,2406347.0,16294463.0,2.048
2012-08-08,13.949,14.01,13.928,13.621,2175349.0,14622919.0,2.048
2012-08-09,13.826,13.928,13.928,13.58,4638280.0,31161776.0,2.048
2012-08-10,13.826,13.826,13.478,13.457,5189624.0,34432296.0,2.048
2012-08-13,13.375,13.396,12.904,12.904,3437571.0,21947292.0,2.048
2012-08-14,13.171,13.171,12.966,12.699,2034688.0,12793098.0,2.048
2012-08-15,12.925,12.966,12.802,12.72,1745371.0,10939266.0,2.048
2012-08-16,12.74,13.007,12.904,12.74,1559634.0,9825769.0,2.048
2012-08-17,13.007,13.007,12.556,12.433,3688253.0,22769630.0,2.048
2012-08-20,12.556,12.556,12.474,12.29,2007560.0,12154478.0,2.048
2012-08-21,12.433,12.781,12.74,12.413,2533350.0,15672278.0,2.048
2012-08-22,12.863,14.01,14.01,12.843,12182046.0,80710832.0,2.048
2012-08-23,14.441,15.403,15.403,14.133,29724152.0,219119328.0,2.048
2012-08-24,15.403,16.919,16.182,15.403,34575100.0,272737760.0,2.048
2012-08-27,16.059,16.059,15.301,14.932,24087508.0,181431360.0,2.048
2012-08-28,14.993,15.628,15.465,14.666,21063664.0,155273248.0,2.048
2012-08-29,15.055,16.059,15.977,14.85,29730158.0,223608048.0,2.048
2012-08-30,15.362,15.465,14.379,14.379,23583482.0,169283168.0,2.048
2012-08-31,14.092,14.83,14.441,13.642,19446292.0,134609936.0,2.048
2012-09-03,14.113,14.83,14.604,13.99,16284685.0,114967096.0,2.048
2012-09-04,14.441,15.936,15.465,14.092,32907900.0,243139456.0,2.048
2012-09-05,15.055,15.465,15.096,14.891,17942882.0,132602768.0,2.048
2012-09-06,15.035,16.612,16.612,15.035,37434872.0,294531648.0,2.048
2012-09-07,16.591,18.127,17.267,16.141,42217840.0,350061600.0,2.048
2012-09-10,17.103,17.738,17.39,16.694,33894540.0,284593952.0,2.048
2012-09-11,17.083,17.144,16.714,16.632,20543652.0,168825664.0,2.048
2012-09-12,16.694,16.878,16.571,16.366,17129084.0,138621856.0,2.048
2012-09-13,16.53,18.005,17.308,16.284,38535792.0,323397120.0,2.048
2012-09-14,17.103,17.308,16.366,15.731,25417686.0,205060256.0,2.048
2012-09-17,16.12,16.264,15.342,15.157,12671201.0,97295152.0,2.048
2012-09-18,15.157,15.813,15.547,15.157,9070324.0,68683528.0,2.048
2012-09-19,15.547,15.71,15.403,15.198,7384037.0,55746616.0,2.048
2012-09-20,15.239,15.239,14.42,14.338,11324321.0,81528736.0,2.048
2012-09-21,14.42,14.563,13.888,13.888,9705523.0,67363408.0,2.048
2012-09-24,13.826,14.4,14.297,13.519,7731812.0,53283928.0,2.048
2012-09-25,14.154,15.71,14.912,14.154,18697444.0,138205488.0,2.048
2012-09-26,14.809,14.85,13.826,13.785,12021503.0,83325432.0,2.048
2012-09-27,13.642,14.625,14.154,13.621,9738215.0,67535712.0,2.048
2012-09-28,14.092,14.502,14.42,14.051,8052150.0,56351300.0,2.048
2012-10-08,14.461,15.157,14.768,14.461,10655164.0,77153640.0,2.048
2012-10-09,14.645,15.628,15.383,14.645,15585103.0,115945680.0,2.048
2012-10-10,15.219,15.854,15.608,15.076,15197094.0,114903688.0,2.048
2012-10-11,15.567,15.567,14.83,14.789,11745252.0,86604552.0,2.048
2012-10-12,14.789,15.076,14.85,14.502,6844087.0,49454744.0,2.048
2012-10-15,14.871,14.932,14.379,13.928,7041205.0,49498480.0,2.048
2012-10-16,14.379,14.604,14.42,14.338,4685397.0,33113458.0,2.048
2012-10-17,14.461,14.563,14.42,14.031,5990498.0,41795872.0,2.048
2012-10-18,14.441,14.973,14.891,14.359,8466848.0,60889064.0,2.048
2012-10-19,14.891,14.912,14.686,14.563,5895643.0,42333948.0,2.048
2012-10-22,14.44,15.157,15.137,14.338,11477783.0,83034152.0,2.048
2012-10-23,15.157,15.157,14.727,14.707,7473851.0,54510308.0,2.048
2012-10-24,14.584,15.055,14.727,14.522,5657170.0,40812936.0,2.048
2012-10-25,14.707,14.871,14.297,14.277,6917485.0,49061248.0,2.048
2012-10-26,14.359,14.4,13.888,13.785,5981222.0,40835800.0,2.048
2012-10-29,13.826,14.051,13.826,13.744,2811140.0,19030622.0,2.048
2012-10-30,13.949,14.092,13.847,13.744,3182863.0,21599704.0,2.048
2012-10-31,13.806,14.031,13.928,13.785,2373368.0,16088077.0,2.048
2012-11-01,13.867,14.256,14.174,13.867,4527403.0,31225622.0,2.048
2012-11-02,14.113,14.236,14.154,13.99,3425578.0,23599230.0,2.048
2012-11-05,14.133,14.236,13.867,13.867,3431020.0,23464130.0,2.048
2012-11-06,13.949,14.195,14.154,13.826,5007752.0,34319028.0,2.048
2012-11-07,14.092,14.154,13.949,13.826,2942070.0,20034620.0,2.048
2012-11-08,13.846,14.256,13.703,13.683,6264078.0,42922664.0,2.048
2012-11-09,13.56,13.58,13.109,13.027,5711209.0,36923908.0,2.048
2012-11-12,13.007,13.232,13.191,12.945,2470306.0,15841494.0,2.048
2012-11-13,13.191,13.211,12.699,12.679,3245465.0,20419624.0,2.048
2012-11-14,12.699,12.863,12.843,12.536,2694631.0,16674299.0,2.048
2012-11-15,12.72,12.822,12.556,12.515,2151619.0,13311688.0,2.048
2012-11-16,12.536,12.74,12.638,12.515,2046872.0,12639011.0,2.048
2012-11-19,12.556,12.925,12.884,12.556,2401999.0,14953355.0,2.048
2012-11-20,12.986,13.048,12.638,12.638,2358055.0,14736590.0,2.048
2012-11-21,12.699,13.089,13.068,12.577,4401536.0,27618334.0,2.048
2012-11-22,13.027,13.027,12.761,12.699,2614453.0,16370790.0,2.048
2012-11-23,12.802,12.925,12.679,12.659,2171227.0,13549405.0,2.048
2012-11-26,12.699,12.72,12.372,12.31,2483496.0,15150341.0,2.048
2012-11-27,12.31,12.351,11.491,11.429,3895660.0,22458852.0,2.048
2012-11-28,11.491,11.491,11.163,11.061,2785944.0,15253534.0,2.048
2012-11-29,11.184,11.388,10.897,10.856,2280295.0,12440385.0,2.048
2012-11-30,10.897,11.163,11.04,10.774,2127762.0,11464694.0,2.048
2012-12-03,11.163,11.204,10.528,10.487,2768699.0,14597659.0,2.048
2012-12-04,10.405,10.958,10.856,10.385,2941336.0,15273118.0,2.048
2012-12-05,10.938,11.88,11.491,10.856,8026530.0,45074096.0,2.048
2012-12-06,11.471,11.552,11.368,11.225,3992172.0,22168046.0,2.048
2012-12-07,11.389,11.778,11.757,11.327,6901293.0,39067100.0,2.048
2012-12-10,11.798,12.187,12.044,11.593,6679527.0,38942496.0,2.048
2012-12-11,11.962,11.983,11.757,11.757,5085964.0,29437206.0,2.048
2012-12-12,11.716,11.983,11.819,11.532,4251487.0,24424092.0,2.048
2012-12-13,11.675,11.798,11.43,11.409,3923820.0,22187564.0,2.048
2012-12-14,11.491,12.167,12.024,11.429,7126615.0,41361628.0,2.048
2012-12-17,11.983,12.392,12.228,11.983,7364796.0,43622312.0,2.048
2012-12-18,12.146,12.515,12.146,12.044,7267417.0,43627460.0,2.048
2012-12-19,12.146,12.822,12.433,12.044,7809400.0,47497712.0,2.048
2012-12-20,12.372,12.372,12.29,12.044,5400892.0,32163500.0,2.048
2012-12-21,12.372,12.454,12.228,12.105,4875059.0,29112028.0,2.048
2012-12-24,12.187,12.372,12.228,12.085,3447059.0,20588538.0,2.048
2012-12-25,12.249,12.597,12.474,12.146,6860961.0,41663368.0,2.048
2012-12-26,12.577,13.027,13.007,12.454,12189664.0,76628992.0,2.048
2012-12-27,13.171,13.355,12.659,12.638,9131968.0,57824704.0,2.048
2012-12-28,12.679,12.863,12.761,12.577,5122492.0,31825138.0,2.048
2012-12-31,12.781,12.904,12.802,12.72,4718982.0,29472758.0,2.048
2013-01-04,12.904,12.945,12.597,12.474,4651151.0,28744730.0,2.048
2013-01-07,12.597,12.884,12.863,12.495,4489597.0,27993658.0,2.048
2013-01-08,12.802,13.171,13.068,12.781,6823397.0,43292896.0,2.048
2013-01-09,13.007,13.416,13.068,12.822,7932664.0,51062060.0,2.048
2013-01-10,13.068,13.232,13.13,12.904,6399984.0,40742904.0,2.048
2013-01-11,13.007,13.191,12.761,12.699,6918433.0,43816456.0,2.048
2013-01-14,12.699,14.031,14.031,12.679,14630696.0,96809512.0,2.048
2013-01-15,14.44,14.686,14.338,13.928,25968602.0,181211056.0,2.048
2013-01-16,14.072,14.256,14.072,13.724,11957350.0,81725472.0,2.048
2013-01-17,13.867,14.44,13.99,13.867,11644481.0,80576408.0,2.048
2013-01-18,13.969,14.236,14.113,13.764,6399686.0,43724448.0,2.048
2013-01-21,14.051,14.44,14.4,13.99,9516008.0,66022052.0,2.048
2013-01-22,14.44,14.44,13.887,13.724,7121737.0,48836240.0,2.048
2013-01-23,13.744,14.031,13.703,13.416,5287346.0,35370472.0,2.048
2013-01-24,13.724,14.4,14.072,13.662,11486759.0,78593224.0,2.048
2013-01-25,14.031,14.031,13.58,13.519,5439155.0,36547904.0,2.048
2013-01-28,13.56,13.928,13.887,13.519,4809344.0,32389860.0,2.048
2013-01-29,14.113,14.318,14.195,13.969,6731805.0,46536368.0,2.048
2013-01-30,14.195,14.318,14.01,13.846,4930148.0,33847392.0,2.048
2013-01-31,13.99,14.092,14.072,13.806,5067289.0,34492044.0,2.048
2013-02-01,14.072,14.44,14.256,13.928,10025587.0,69881592.0,2.048
2013-02-04,14.318,14.625,14.318,13.846,10616421.0,73761024.0,2.048
2013-02-05,14.133,14.297,14.236,13.969,5382451.0,37140236.0,2.048
2013-02-06,14.338,14.727,14.543,14.318,10398472.0,73912184.0,2.048
2013-02-07,14.543,14.666,14.379,14.297,5752738.0,40451284.0,2.048
2013-02-08,14.256,14.563,14.441,14.256,5012055.0,35272192.0,2.048
2013-02-18,14.461,15.465,14.871,14.379,13952150.0,101545224.0,2.048
2013-02-19,14.727,14.891,14.543,14.44,7552917.0,53842696.0,2.048
2013-02-20,14.359,15.055,14.973,14.359,9236584.0,66517624.0,2.048
2013-02-21,14.871,15.014,14.85,14.543,9631943.0,69509304.0,2.048
2013-02-22,14.85,15.26,15.034,14.645,10739668.0,78910488.0,2.048
2013-02-25,15.219,15.506,15.342,14.953,10870477.0,80955536.0,2.048
2013-02-26,15.157,15.239,14.789,14.768,9335282.0,68475696.0,2.048
2013-02-27,14.707,14.973,14.481,14.399,7641532.0,54496124.0,2.048
2013-02-28,14.584,14.789,14.707,14.44,5284348.0,37784180.0,2.048
2013-03-01,14.707,14.809,14.707,14.481,6685279.0,47673400.0,2.048
2013-03-04,14.604,14.604,13.744,13.519,8574181.0,58938480.0,2.048
2013-03-05,13.805,14.072,13.99,13.56,4003485.0,27095264.0,2.048
2013-03-06,13.949,14.215,14.154,13.928,5054295.0,34761680.0,2.048
2013-03-07,14.133,14.256,13.908,13.765,4574868.0,31322010.0,2.048
2013-03-08,13.949,14.215,14.01,13.805,3704213.0,25330438.0,2.048
2013-03-11,14.01,14.113,14.051,13.826,2502568.0,17135036.0,2.048
2013-03-12,15.465,15.465,15.465,15.465,9246692.0,69812528.0,2.048
2013-03-13,15.977,16.919,16.694,15.977,59158912.0,474125376.0,2.048
2013-03-14,16.079,16.386,15.874,15.813,27127586.0,213120496.0,2.048
2013-03-15,15.567,16.55,15.649,15.506,24732840.0,193913648.0,2.048
2013-03-18,15.362,16.53,16.304,15.014,26495142.0,204673104.0,2.048
2013-03-19,16.079,16.161,16.018,15.587,14270614.0,110628592.0,2.048
2013-03-20,15.915,17.554,16.653,15.772,30324616.0,248863792.0,2.048
2013-03-21,16.427,18.086,17.718,16.407,35718376.0,302336512.0,2.048
2013-03-22,17.41,17.738,17.513,17.062,21999432.0,187084784.0,2.048
2013-03-25,17.431,17.964,17.329,17.042,20453418.0,174354288.0,2.048
2013-03-26,17.083,17.247,17.042,16.796,14019027.0,116345160.0,2.048
2013-03-27,16.898,17.288,16.591,16.468,15907880.0,130837240.0,2.048
2013-03-28,16.386,16.386,16.141,15.772,11197005.0,88032096.0,2.048
2013-03-29,16.141,16.489,15.895,15.772,9409191.0,74373088.0,2.048
2013-04-01,15.792,16.448,16.448,15.608,12216760.0,96096552.0,2.048
2013-04-02,16.284,16.55,15.813,15.772,9625289.0,75865712.0,2.048
2013-04-03,15.71,15.854,15.198,14.912,9965497.0,74052216.0,2.048
2013-04-08,14.809,15.178,15.157,14.379,7215889.0,51979028.0,2.048
2013-04-09,15.035,15.465,15.239,15.035,6216450.0,46333204.0,2.048
2013-04-10,15.178,15.198,14.85,14.645,6209684.0,45059888.0,2.048
2013-04-11,14.953,15.137,15.035,14.768,5497913.0,40194800.0,2.048
2013-04-12,14.953,15.137,14.625,14.563,4625709.0,33566824.0,2.048
2013-04-15,14.584,14.768,14.502,14.379,3829300.0,27202264.0,2.048
2013-04-16,14.195,14.727,14.666,14.092,4521952.0,31914438.0,2.048
2013-04-17,14.645,14.85,14.748,14.461,4307312.0,30846728.0,2.048
2013-04-18,14.543,15.239,15.137,14.543,8268225.0,60675480.0,2.048
2013-04-19,15.075,15.383,15.301,14.994,7668057.0,57047636.0,2.048
2013-04-22,15.055,15.055,14.768,14.481,10075357.0,72317576.0,2.048
2013-04-23,14.666,14.748,14.133,14.072,7222985.0,50676428.0,2.048
2013-04-24,14.133,14.543,14.359,14.133,5269448.0,36966616.0,2.048
2013-04-25,14.236,14.277,13.826,13.826,6204537.0,42513412.0,2.048
2013-04-26,13.867,13.99,13.437,13.416,4440400.0,29653970.0,2.048
2013-05-02,13.457,13.662,13.601,13.314,2355820.0,15522474.0,2.048
2013-05-03,13.703,14.072,13.928,13.58,4613177.0,31372172.0,2.048
2013-05-06,13.928,14.174,14.031,13.887,3399558.0,23270732.0,2.048
2013-05-07,14.031,14.297,14.195,13.949,4502727.0,31073442.0,2.048
2013-05-08,14.195,14.277,14.236,14.051,4801943.0,33218276.0,2.048
2013-05-09,14.174,14.42,14.195,13.99,5529998.0,38327808.0,2.048
2013-05-10,14.335,14.546,14.441,14.209,6846440.0,46737104.0,2.108
2013-05-13,14.419,14.546,14.293,14.061,4992804.0,33688468.0,2.108
2013-05-14,14.188,14.272,13.977,13.871,5113077.0,33914192.0,2.108
2013-05-15,14.019,14.63,14.567,13.998,8889485.0,60590024.0,2.108
2013-05-16,14.546,14.651,14.609,14.272,8477123.0,58304272.0,2.108
2013-05-17,14.588,14.672,14.651,14.335,7371723.0,50835660.0,2.108
2013-05-20,14.63,14.989,14.968,14.588,8990718.0,63520236.0,2.108
2013-05-21,14.968,15.263,15.115,14.82,9896063.0,70601912.0,2.108
2013-05-22,15.136,15.326,15.031,14.862,8388848.0,60057712.0,2.108
2013-05-23,14.883,15.136,14.694,14.651,7402458.0,52349828.0,2.108
2013-05-24,14.904,15.452,15.431,14.904,12044514.0,86698544.0,2.108
2013-05-27,15.41,15.895,15.621,15.178,10293811.0,76283952.0,2.108
2013-05-28,15.663,15.769,15.705,15.347,7269399.0,53649752.0,2.108
2013-05-29,15.684,15.895,15.579,15.516,5902924.0,43829536.0,2.108
2013-05-30,15.431,15.726,15.642,15.389,5340195.0,39437760.0,2.108
2013-05-31,15.684,15.705,15.495,15.389,6275458.0,46250536.0,2.108
2013-06-03,15.473,16.211,16.127,15.326,15692502.0,117959240.0,2.108
2013-06-04,16.022,16.253,16.169,15.621,9793403.0,74198104.0,2.108
2013-06-05,16.317,16.78,16.738,16.085,21363052.0,167747744.0,2.108
2013-06-06,16.654,16.991,16.338,15.895,15055147.0,116900272.0,2.108
2013-06-07,16.338,16.823,16.169,15.832,16280613.0,124989072.0,2.108
2013-06-13,15.558,15.6,14.546,14.546,9646528.0,67383776.0,2.108
2013-06-14,14.251,14.567,14.462,14.251,7559568.0,51710160.0,2.108
2013-06-17,14.504,14.651,14.567,14.145,6188369.0,42206868.0,2.108
2013-06-18,14.588,14.672,14.441,14.272,5879403.0,40354008.0,2.108
2013-06-19,14.356,14.377,14.04,13.724,6215660.0,41103428.0,2.108
2013-06-20,13.935,14.04,13.45,13.344,4490783.0,29379980.0,2.108
2013-06-21,13.07,13.913,13.787,13.07,4788982.0,30761628.0,2.108
2013-06-24,13.787,13.787,12.775,12.543,4356800.0,27170360.0,2.108
2013-06-25,12.67,12.923,12.817,11.552,6271750.0,36664472.0,2.108
2013-06-26,12.754,13.007,12.965,12.606,3829529.0,23311330.0,2.108
2013-06-27,12.986,13.45,12.606,12.585,5828219.0,36031684.0,2.108
2013-06-28,12.438,12.838,12.332,12.101,4121810.0,24338230.0,2.108
2013-07-01,12.311,12.859,12.754,12.143,3137672.0,18627580.0,2.108
2013-07-02,12.754,12.902,12.859,12.649,3376978.0,20486478.0,2.108
2013-07-03,12.754,12.859,12.628,12.227,3938657.0,23463430.0,2.108
2013-07-04,12.606,12.859,12.775,12.396,4143618.0,24915000.0,2.108
2013-07-05,12.775,13.091,12.838,12.754,4268775.0,26129296.0,2.108
2013-07-08,12.649,12.649,11.953,11.953,4333791.0,25140068.0,2.108
2013-07-09,11.953,12.1,11.974,11.742,1986792.0,11265640.0,2.108
2013-07-10,11.974,12.353,12.332,11.911,2556252.0,14767235.0,2.108
2013-07-11,12.332,13.049,12.902,12.311,5408874.0,32683936.0,2.108
2013-07-12,12.859,12.965,12.712,12.712,4317601.0,26277514.0,2.108
2013-07-15,12.838,13.007,12.902,12.754,3208657.0,19646362.0,2.108
2013-07-16,12.902,13.176,13.133,12.838,4193061.0,25955764.0,2.108
2013-07-17,13.133,13.133,12.796,12.67,3850374.0,23588664.0,2.108
2013-07-18,12.796,12.796,12.628,12.564,3258634.0,19580204.0,2.108
2013-07-19,12.606,12.775,12.269,12.269,3499058.0,20835024.0,2.108
2013-07-22,12.206,12.606,12.606,12.037,2415529.0,14151781.0,2.108
2013-07-23,12.564,12.965,12.902,12.543,3995283.0,24314898.0,2.108
2013-07-24,12.838,13.112,13.028,12.649,5562610.0,34005552.0,2.108
2013-07-25,13.028,13.07,12.775,12.733,4059014.0,24832188.0,2.108
2013-07-26,12.649,12.986,12.944,12.649,2792445.0,17010314.0,2.108
2013-07-29,12.859,12.923,12.649,12.564,2789366.0,16813648.0,2.108
2013-07-30,12.649,12.754,12.67,12.374,2163035.0,12955115.0,2.108
2013-07-31,12.733,13.07,12.859,12.691,3818542.0,23388616.0,2.108
2013-08-01,12.838,14.145,13.913,12.838,14031109.0,90580432.0,2.108
2013-08-02,13.724,14.124,13.597,13.534,11118252.0,72921392.0,2.108
2013-08-05,13.618,13.85,13.808,13.386,4563604.0,29580704.0,2.108
2013-08-06,13.808,13.871,13.703,13.597,4880049.0,31814046.0,2.108
2013-08-07,13.745,13.766,13.365,13.302,5432308.0,34732976.0,2.108
2013-08-08,13.45,13.766,13.513,13.302,4078663.0,26241578.0,2.108
2013-08-09,13.639,14.504,14.04,13.597,10280753.0,68646064.0,2.108
2013-08-12,14.124,14.23,14.124,13.829,8557369.0,56790452.0,2.108
2013-08-13,14.061,14.082,14.082,13.913,4849770.0,32174274.0,2.108
2013-08-14,14.04,14.166,14.019,13.871,4983429.0,33144256.0,2.108
2013-08-15,13.998,14.061,13.597,13.534,4603146.0,30050382.0,2.108
2013-08-16,13.534,13.913,13.26,13.26,4147923.0,26694892.0,2.108
2013-08-19,13.176,13.492,13.45,13.091,2928792.0,18496412.0,2.108
2013-08-20,13.429,13.576,13.386,13.239,2734344.0,17397530.0,2.108
2013-08-21,13.386,13.618,13.597,13.281,2761594.0,17622544.0,2.108
2013-08-22,13.576,13.703,13.555,13.534,2678142.0,17290304.0,2.108
2013-08-23,13.618,13.618,13.323,13.155,3476869.0,22095078.0,2.108
2013-08-26,13.323,13.829,13.787,13.218,3963864.0,25517918.0,2.108
2013-08-27,13.787,13.829,13.766,13.618,3017096.0,19641502.0,2.108
2013-08-28,13.618,13.66,13.513,13.45,3801794.0,24456398.0,2.108
2013-08-29,13.492,13.724,13.555,13.471,2737819.0,17629624.0,2.108
2013-08-30,13.555,13.555,13.26,13.197,3978755.0,25232382.0,2.108
2013-09-02,13.197,13.408,13.408,13.176,2145535.0,13532302.0,2.108
2013-09-03,13.407,13.639,13.618,13.407,2791127.0,17955846.0,2.108
2013-09-04,13.618,13.682,13.639,13.513,2533625.0,16342930.0,2.108
2013-09-05,13.639,13.808,13.745,13.555,3961635.0,25785156.0,2.108
2013-09-06,13.745,13.766,13.576,13.513,3222513.0,20815324.0,2.108
2013-09-09,13.639,13.808,13.766,13.555,4570657.0,29730508.0,2.108
2013-09-10,13.787,13.934,13.913,13.66,5133046.0,33690076.0,2.108
2013-09-11,14.061,14.082,13.829,13.703,4755581.0,31210348.0,2.108
2013-09-12,13.766,13.892,13.808,13.724,3515886.0,23049016.0,2.108
2013-09-13,13.808,14.082,13.977,13.787,5364767.0,35520672.0,2.108
2013-09-16,13.998,14.04,13.85,13.766,3298733.0,21651786.0,2.108
2013-09-17,13.808,13.85,13.386,13.365,3207955.0,20726446.0,2.108
2013-09-18,13.386,13.576,13.576,13.281,2407270.0,15323034.0,2.108
2013-09-23,13.576,13.892,13.829,13.576,3546466.0,23160636.0,2.108
2013-09-24,13.808,13.85,13.618,13.534,3032043.0,19628630.0,2.108
2013-09-25,13.618,13.724,13.534,13.534,2235623.0,14443439.0,2.108
2013-09-26,13.492,13.639,13.407,13.386,2528067.0,16213363.0,2.108
2013-09-27,13.429,13.513,13.471,13.323,1901178.0,12115702.0,2.108
2013-09-30,13.703,13.703,13.492,13.429,1535416.0,9847095.0,2.108
2013-10-08,13.555,13.745,13.703,13.429,2997009.0,19308918.0,2.108
2013-10-09,13.682,14.483,14.145,13.597,12363848.0,82970312.0,2.108
2013-10-10,14.272,14.335,13.956,13.829,8260867.0,55054468.0,2.108
2013-10-11,13.977,14.272,14.124,13.934,4486796.0,29999604.0,2.108
2013-10-14,14.124,14.335,14.314,13.977,5700020.0,38269412.0,2.108
2013-10-15,14.251,14.714,14.63,14.166,11241886.0,77083400.0,2.108
2013-10-16,14.504,14.504,14.251,14.082,7077131.0,48070980.0,2.108
2013-10-17,14.335,14.904,14.504,14.272,12757614.0,88477488.0,2.108
2013-10-18,14.44,14.609,14.546,14.166,5574336.0,38054480.0,2.108
2013-10-21,14.461,15.115,14.967,14.335,12374550.0,87438992.0,2.108
2013-10-22,14.904,15.473,14.967,14.714,12867957.0,92437040.0,2.108
2013-10-23,14.862,14.946,14.398,14.208,9136095.0,62951316.0,2.108
2013-10-24,14.356,14.757,14.462,14.145,5419963.0,37247236.0,2.108
2013-10-25,14.461,14.736,14.314,14.187,5125351.0,35127580.0,2.108
2013-10-28,14.251,14.525,14.187,14.124,3967292.0,26905728.0,2.108
2013-10-29,14.187,14.377,13.618,12.944,7183790.0,46305796.0,2.108
2013-10-30,13.513,13.787,13.724,13.386,4638945.0,30090196.0,2.108
2013-10-31,13.724,13.787,13.766,13.429,3871003.0,24956410.0,2.108
2013-11-01,13.745,13.808,13.766,13.597,2279140.0,14809324.0,2.108
2013-11-04,13.829,14.377,14.314,13.66,4939272.0,33041100.0,2.108
2013-11-05,14.23,14.567,14.567,14.124,5097082.0,34824272.0,2.108
2013-11-06,14.314,14.63,14.483,14.314,4482500.0,30800700.0,2.108
2013-11-07,14.208,15.579,14.841,14.187,21011132.0,149780480.0,2.108
2013-11-08,14.693,15.199,14.714,14.609,15093262.0,106719648.0,2.108
2013-11-11,14.651,15.284,15.115,14.504,13129604.0,93408624.0,2.108
2013-11-12,15.031,15.115,14.946,14.609,9019651.0,63446852.0,2.108
2013-11-13,14.757,14.757,14.187,14.166,7888798.0,54029820.0,2.108
2013-11-14,14.082,14.419,14.377,14.019,4559307.0,30813780.0,2.108
2013-11-15,14.314,15.811,15.811,14.293,31777732.0,233988576.0,2.108
2013-11-18,15.916,16.148,15.832,15.579,26017528.0,195383472.0,2.108
2013-11-19,15.853,16.19,16.085,15.621,18259284.0,137865760.0,2.108
2013-11-20,16.021,16.106,15.895,15.6,12236179.0,91764832.0,2.108
2013-11-21,15.726,15.747,15.473,15.347,9910746.0,72764720.0,2.108
2013-11-22,15.494,15.747,15.705,15.347,8924567.0,65915948.0,2.108
2013-11-25,15.642,15.747,15.199,15.136,8600590.0,62876828.0,2.108
2013-11-26,15.22,15.41,15.347,15.052,6543663.0,47269768.0,2.108
2013-11-27,15.22,15.747,15.642,15.199,8469576.0,62210376.0,2.108
2013-11-28,15.642,15.726,15.347,15.305,8035837.0,59131420.0,2.108
2013-11-29,15.326,15.916,15.811,15.22,10662208.0,79480352.0,2.108
2013-12-02,15.368,15.389,14.272,14.23,12374755.0,86849552.0,2.108
2013-12-03,14.124,14.588,14.588,14.082,5825356.0,39821588.0,2.108
2013-12-04,14.609,14.925,14.778,14.525,5612310.0,39400768.0,2.108
2013-12-05,14.714,15.01,14.82,14.63,4854713.0,34235972.0,2.108
2013-12-06,14.799,14.946,14.757,14.609,4040970.0,28325680.0,2.108
2013-12-09,14.841,14.988,14.967,14.693,4077777.0,28719366.0,2.108
2013-12-10,14.989,15.073,14.82,14.82,3836670.0,27195264.0,2.108
2013-12-11,14.841,14.841,14.588,14.335,5057976.0,34818348.0,2.108
2013-12-12,14.588,14.693,14.546,14.483,2968802.0,20539572.0,2.108
2013-12-13,14.44,14.82,14.778,14.293,3648159.0,25379068.0,2.108
2013-12-16,14.778,15.052,14.651,14.588,4101090.0,28871670.0,2.108
2013-12-17,14.736,15.01,14.841,14.672,4345087.0,30681552.0,2.108
2013-12-18,14.883,15.115,14.989,14.799,3696765.0,26299112.0,2.108
2013-12-19,15.115,15.115,14.693,14.672,3525912.0,24858486.0,2.108
2013-12-20,14.757,14.82,14.251,14.166,3464174.0,23647804.0,2.108
2013-12-23,14.23,14.44,14.23,13.787,1897936.0,12785937.0,2.108
2013-12-24,14.272,14.461,14.124,13.913,2028047.0,13710180.0,2.108
2013-12-25,14.166,14.293,14.293,13.977,2432580.0,16366923.0,2.108
2013-12-26,14.293,14.335,13.892,13.85,2606645.0,17468256.0,2.108
2013-12-27,13.808,14.187,13.998,13.745,3105328.0,20680058.0,2.108
2013-12-30,14.103,14.356,14.293,13.977,2886875.0,19469240.0,2.108
2013-12-31,14.251,14.462,14.293,14.166,2413410.0,16374460.0,2.108
2014-01-02,14.166,14.504,14.483,14.166,2435331.0,16613724.0,2.108
2014-01-03,14.44,14.504,14.419,14.293,2166880.0,14788729.0,2.108
2014-01-06,14.44,14.44,13.998,13.956,2066858.0,13856281.0,2.108
2014-01-07,14.019,14.145,14.124,13.808,1609297.0,10709204.0,2.108
2014-01-08,14.166,14.946,14.736,14.166,7369199.0,51145332.0,2.108
2014-01-09,14.651,14.862,14.398,14.398,4658899.0,32364596.0,2.108
2014-01-10,14.377,14.44,13.829,13.829,3821678.0,25450410.0,2.108
2014-01-13,13.682,13.977,13.724,13.492,2867868.0,18616348.0,2.108
2014-01-14,13.766,14.082,14.04,13.745,2219144.0,14677159.0,2.108
2014-01-15,14.061,14.145,14.103,13.956,1781295.0,11857118.0,2.108
2014-01-16,14.145,14.209,14.061,14.019,1862381.0,12456146.0,2.108
2014-01-17,14.103,14.209,13.829,13.766,1890955.0,12526334.0,2.108
2014-01-20,13.829,13.998,13.724,13.682,1535557.0,10056559.0,2.108
2014-01-21,13.682,14.166,14.124,13.682,2523643.0,16763835.0,2.108
2014-01-22,14.124,14.419,14.356,14.04,3485739.0,23642366.0,2.108
2014-01-23,14.356,14.462,14.377,14.314,2992464.0,20440768.0,2.108
2014-01-24,14.419,14.567,14.504,14.335,3431075.0,23585556.0,2.108
2014-01-27,14.483,14.693,14.462,14.356,3442122.0,23756322.0,2.108
2014-01-28,14.525,14.63,14.525,14.335,1881978.0,12909433.0,2.108
2014-01-29,14.567,14.63,14.609,14.419,3083115.0,21282992.0,2.108
2014-01-30,14.567,14.651,14.419,14.398,2173305.0,14960493.0,2.108
2014-02-07,14.314,14.904,14.841,14.208,4221160.0,29429608.0,2.108
2014-02-10,14.82,15.157,15.094,14.82,6389162.0,45516940.0,2.108
2014-02-11,15.136,15.347,14.989,14.946,6084656.0,43552528.0,2.108
2014-02-12,15.052,15.347,15.326,14.925,6373234.0,45925704.0,2.108
2014-02-13,15.347,15.431,15.031,15.01,6079333.0,44000184.0,2.108
2014-02-14,15.094,15.263,15.263,14.989,4899742.0,35195904.0,2.108
2014-02-17,15.284,15.6,15.537,15.241,6713443.0,49198812.0,2.108
2014-02-18,15.452,15.642,15.494,15.305,6758232.0,49559132.0,2.108
2014-02-19,15.558,15.747,15.389,15.284,6448430.0,47408072.0,2.108
2014-02-20,15.389,15.431,14.989,14.967,6218251.0,44692508.0,2.108
2014-02-21,14.989,15.284,15.115,14.883,3835527.0,27460266.0,2.108
2014-02-24,15.136,15.747,15.684,15.052,8574774.0,62967204.0,2.108
2014-02-25,15.663,15.853,14.862,14.693,8318663.0,60668316.0,2.108
2014-02-26,14.757,15.052,14.989,14.44,4315494.0,30177720.0,2.108
2014-02-27,14.925,15.347,14.841,14.799,4171755.0,29780584.0,2.108
2014-02-28,14.778,15.284,15.263,14.63,4873919.0,34573888.0,2.108
2014-03-03,15.242,15.663,15.621,15.178,5998207.0,44032268.0,2.108
2014-03-04,15.516,15.642,15.537,15.263,4848955.0,35586824.0,2.108
2014-03-05,15.579,16.696,16.064,15.495,18267224.0,139611760.0,2.108
2014-03-06,15.958,16.443,16.169,15.769,13051090.0,99630888.0,2.108
2014-03-07,16.148,16.232,15.811,15.621,7996731.0,60478076.0,2.108
2014-03-10,15.621,17.244,16.612,15.516,23907520.0,185895120.0,2.108
2014-03-11,16.253,17.054,16.422,15.958,17266208.0,135710560.0,2.108
2014-03-12,16.38,16.38,16.148,15.558,10573482.0,79972176.0,2.108
2014-03-13,15.916,16.253,16.232,15.832,6990587.0,53241368.0,2.108
2014-03-14,16.022,16.127,15.958,15.747,4726571.0,35725652.0,2.108
2014-03-17,15.937,16.865,16.591,15.705,10038176.0,77312800.0,2.108
2014-03-18,16.527,18.256,18.256,16.443,20251486.0,170210352.0,2.108
2014-03-19,20.09,20.09,19.753,18.973,68489240.0,646371776.0,2.108
2014-03-20,19.205,21.46,20.217,19.036,62128404.0,594633920.0,2.108
2014-03-21,19.394,19.943,19.626,18.91,32709330.0,300857312.0,2.108
2014-03-24,19.5,20.385,19.753,19.289,29578942.0,277641248.0,2.108
2014-03-25,19.331,19.352,18.825,18.551,24004316.0,215416192.0,2.108
2014-03-26,18.741,19.184,18.952,18.53,16155408.0,144691424.0,2.108
2014-03-27,18.783,18.931,18.151,18.13,15689797.0,137923856.0,2.108
2014-03-28,17.982,18.235,17.054,17.012,19033108.0,158349696.0,2.108
2014-03-31,17.307,17.371,17.265,16.928,8219275.0,66893104.0,2.108
2014-04-01,17.265,17.455,17.413,16.97,8153728.0,66704988.0,2.108
2014-04-02,17.434,17.476,17.033,16.949,9171323.0,74639176.0,2.108
2014-04-03,16.991,17.328,17.307,16.928,7633797.0,61889644.0,2.108
2014-04-04,17.181,17.581,17.497,17.139,9046091.0,74439624.0,2.108
2014-04-08,17.328,17.413,17.307,17.033,9264421.0,75650968.0,2.108
2014-04-09,17.244,17.855,17.624,17.16,12090075.0,100839760.0,2.108
2014-04-10,17.56,17.75,17.518,17.35,9558142.0,79537272.0,2.108
2014-04-11,17.455,17.455,16.738,16.506,14599933.0,116416144.0,2.108
2014-04-14,16.738,16.97,16.928,16.591,5642052.0,45099048.0,2.108
2014-04-15,16.865,17.012,16.78,16.738,4619823.0,36949032.0,2.108
2014-04-16,16.759,16.928,16.928,16.57,4821901.0,38385048.0,2.108
2014-04-17,16.907,16.949,16.802,16.78,4021551.0,32146828.0,2.108
2014-04-18,16.844,17.097,16.97,16.633,6324825.0,50642168.0,2.108
2014-04-21,16.78,17.16,16.654,16.654,5787804.0,46478028.0,2.108
2014-04-22,16.591,16.97,16.696,16.527,4745688.0,37587204.0,2.108
2014-04-23,16.738,16.928,16.759,16.591,3464251.0,27519560.0,2.108
2014-04-24,16.675,16.759,16.127,16.127,7091618.0,55063012.0,2.108
2014-04-25,16.148,16.275,15.726,15.684,4837321.0,36573708.0,2.108
2014-04-28,15.579,15.748,15.305,15.22,3917314.0,28614148.0,2.108
2014-04-29,15.284,15.6,15.558,15.263,3075433.0,22514066.0,2.108
2014-04-30,15.516,15.684,15.663,15.473,2300709.0,17022202.0,2.108
2014-05-05,15.621,15.916,15.874,15.41,2779845.0,20672920.0,2.108
2014-05-06,15.874,16.169,16.0,15.747,3558558.0,26977440.0,2.108
2014-05-07,15.979,15.979,15.494,15.41,2938865.0,21901568.0,2.108
2014-05-08,15.473,15.832,15.537,15.41,2843194.0,21108876.0,2.108
2014-05-09,15.537,15.642,15.494,15.241,2271332.0,16650127.0,2.108
2014-05-12,15.642,16.085,16.043,15.579,4310894.0,32499908.0,2.108
2014-05-13,16.021,16.127,15.958,15.853,2893996.0,21925934.0,2.108
2014-05-14,16.0,16.274,16.148,15.916,3182504.0,24286758.0,2.108
2014-05-15,16.127,16.317,15.6,15.579,3458789.0,26134600.0,2.108
2014-05-16,15.494,15.705,15.6,15.389,2255200.0,16612017.0,2.108
2014-05-19,15.494,15.6,15.431,15.284,1996004.0,14583417.0,2.108
2014-05-20,15.515,15.684,15.494,15.41,1467802.0,10802868.0,2.108
2014-05-21,15.473,15.579,15.558,15.305,2199617.0,16101880.0,2.108
2014-05-22,15.537,15.769,15.473,15.452,2745968.0,20345908.0,2.108
2014-05-23,15.431,15.895,15.853,15.431,2940123.0,21891552.0,2.108
2014-05-26,15.853,16.106,16.022,15.769,3202186.0,24185498.0,2.108
2014-05-27,15.958,16.022,15.853,15.769,2649242.0,19941006.0,2.108
2014-05-28,15.874,16.253,16.169,15.853,5102643.0,39027496.0,2.108
2014-05-29,16.19,16.211,15.853,15.853,3362212.0,25539720.0,2.108
2014-05-30,15.853,15.916,15.684,15.6,2983427.0,22264474.0,2.108
2014-06-03,15.769,16.022,15.811,15.705,3254963.0,24570034.0,2.108
2014-06-04,15.747,16.485,16.401,15.726,10165879.0,78271768.0,2.108
2014-06-05,16.991,17.834,16.97,16.801,22171472.0,180238720.0,2.108
2014-06-06,16.865,16.886,16.591,16.506,9276740.0,73327680.0,2.108
2014-06-09,16.464,17.033,16.654,16.401,8284885.0,66030940.0,2.108
2014-06-10,16.675,17.118,16.97,16.654,7449913.0,59894744.0,2.108
2014-06-11,17.076,17.56,17.265,16.97,10101902.0,82923504.0,2.108
2014-06-12,17.244,17.244,16.886,16.865,6402340.0,51477444.0,2.108
2014-06-13,16.865,17.139,17.033,16.717,5232082.0,42081496.0,2.108
2014-06-16,17.076,17.265,17.223,16.907,6540177.0,53059048.0,2.108
2014-06-17,17.329,17.56,17.223,17.118,7766785.0,63841036.0,2.108
2014-06-18,17.16,17.307,17.223,16.949,6086262.0,49366832.0,2.108
2014-06-19,17.139,17.581,16.907,16.549,10271631.0,83683064.0,2.108
2014-06-20,16.844,17.539,17.476,16.78,11363052.0,93103856.0,2.108
2014-06-23,17.413,17.75,17.687,17.329,11573578.0,96107808.0,2.108
2014-06-24,17.687,18.13,18.024,17.476,14046515.0,118512416.0,2.108
2014-06-25,18.172,18.172,17.708,17.497,9893098.0,83119744.0,2.108
2014-06-26,17.75,17.919,17.708,17.434,11989075.0,100294656.0,2.108
2014-06-27,17.708,17.855,17.518,17.455,8158704.0,68243664.0,2.108
2014-06-30,17.497,17.708,17.603,17.455,6166851.0,51382492.0,2.108
2014-07-01,17.624,17.666,17.413,17.286,6862624.0,56707608.0,2.108
2014-07-02,17.392,17.813,17.813,17.371,9006964.0,75250256.0,2.108
2014-07-03,17.687,17.813,17.392,17.392,9392701.0,78079720.0,2.108
2014-07-04,17.502,17.502,17.307,17.243,5943408.0,47866240.0,2.161
2014-07-07,17.178,17.372,17.351,16.962,6209523.0,49222168.0,2.161
2014-07-08,17.07,17.502,17.416,17.027,5563013.0,44583264.0,2.161
2014-07-09,17.351,17.502,17.178,17.07,4675397.0,37388864.0,2.161
2014-07-10,17.178,17.221,17.005,16.918,4228700.0,33448922.0,2.161
2014-07-11,17.005,17.307,17.286,16.918,3629890.0,28880428.0,2.161
2014-07-14,17.286,17.718,17.718,17.199,7317197.0,59470396.0,2.161
2014-07-15,17.718,17.783,17.653,17.437,5923112.0,48164900.0,2.161
2014-07-16,17.675,17.761,17.48,17.394,4013667.0,32584612.0,2.161
2014-07-17,17.48,17.48,17.199,17.048,3513061.0,28005530.0,2.161
2014-07-18,17.113,17.307,17.113,17.07,2918690.0,23210658.0,2.161
2014-07-21,17.178,17.178,16.94,16.94,2967862.0,23400430.0,2.161
2014-07-22,16.962,17.307,17.286,16.94,3176057.0,25278564.0,2.161
2014-07-23,17.286,17.415,17.156,16.919,4279006.0,33983904.0,2.161
2014-07-24,17.264,17.307,17.113,16.854,3914827.0,30907838.0,2.161
2014-07-25,17.113,17.415,17.394,17.048,4154632.0,33222708.0,2.161
2014-07-28,17.437,17.675,17.653,17.415,6382632.0,51922784.0,2.161
2014-07-29,17.653,17.74,17.632,17.545,6940320.0,56651208.0,2.161
2014-07-30,17.567,18.042,17.999,17.524,10494316.0,86618008.0,2.161
2014-07-31,17.912,18.215,17.999,17.848,6712216.0,55861888.0,2.161
2014-08-01,17.999,18.064,17.632,17.61,6290152.0,51994752.0,2.161
2014-08-04,17.632,17.891,17.848,17.632,5220823.0,42970100.0,2.161
2014-08-05,17.826,18.474,18.409,17.74,14408193.0,121894696.0,2.161
2014-08-06,18.323,18.409,18.388,18.129,6585139.0,55640328.0,2.161
2014-08-07,18.301,18.712,18.129,18.085,7614939.0,64672112.0,2.161
2014-08-08,18.172,18.258,18.129,17.912,5034403.0,42087284.0,2.161
2014-08-11,18.323,18.345,18.301,17.934,7896843.0,66481956.0,2.161
2014-08-12,18.345,18.582,18.474,18.15,8462427.0,72059752.0,2.161
2014-08-13,18.409,18.474,18.193,18.064,7693960.0,64907384.0,2.161
2014-08-14,18.193,18.258,17.912,17.869,7271003.0,60801404.0,2.161
2014-08-15,17.912,18.128,18.085,17.869,5321840.0,44369604.0,2.161
2014-08-18,18.107,18.474,18.453,18.042,9492708.0,80521488.0,2.161
2014-08-19,18.431,18.582,18.474,18.258,8026362.0,68352080.0,2.161
2014-08-20,18.496,19.144,18.777,18.388,17280954.0,151069760.0,2.161
2014-08-21,18.733,19.317,19.166,18.582,13684877.0,120550968.0,2.161
2014-08-22,18.971,19.382,19.274,18.841,11031691.0,97744200.0,2.161
2014-08-25,19.295,19.338,18.798,18.733,7855233.0,68813712.0,2.161
2014-08-26,18.798,18.928,18.193,18.042,7570189.0,64584140.0,2.161
2014-08-27,18.15,18.366,18.28,18.064,4412729.0,37216856.0,2.161
2014-08-28,18.409,18.517,18.15,18.085,4053901.0,34284836.0,2.161
2014-08-29,18.128,18.28,18.215,17.848,4846770.0,40510264.0,2.161
2014-09-01,18.258,18.496,18.431,18.258,6750475.0,57466384.0,2.161
2014-09-02,18.496,18.82,18.755,18.431,8781386.0,75908640.0,2.161
2014-09-03,18.733,18.863,18.82,18.561,8425780.0,73069904.0,2.161
2014-09-04,18.733,19.209,18.971,18.733,9996418.0,87985760.0,2.161
2014-09-05,18.993,19.36,19.144,18.95,10491186.0,92984768.0,2.161
2014-09-09,19.144,19.274,19.23,18.863,8151628.0,71951112.0,2.161
2014-09-10,19.187,19.9,19.641,18.95,16391910.0,148008432.0,2.161
2014-09-11,19.663,20.03,19.49,19.252,12394766.0,112385088.0,2.161
2014-09-12,19.533,19.792,19.706,19.338,7365341.0,66712152.0,2.161
2014-09-15,19.641,19.965,19.814,19.619,7856903.0,72002048.0,2.161
2014-09-16,19.879,19.943,18.863,18.82,11742609.0,105173312.0,2.161
2014-09-17,18.928,19.122,19.058,18.712,6848014.0,59888908.0,2.161
2014-09-18,19.014,19.252,19.23,18.841,5695060.0,50439688.0,2.161
2014-09-19,19.252,19.49,19.468,19.122,5909722.0,52822616.0,2.161
2014-09-22,19.446,19.468,18.993,18.82,6665111.0,58836840.0,2.161
2014-09-23,19.014,19.533,19.511,18.993,7093424.0,63338684.0,2.161
2014-09-24,19.468,20.224,20.073,19.36,13647613.0,125989304.0,2.161
2014-09-25,20.138,20.246,19.879,19.727,9637087.0,89122336.0,2.161
2014-09-26,19.9,20.289,20.116,19.792,7365730.0,68516760.0,2.161
2014-09-29,20.224,20.829,20.505,20.03,12537944.0,118776552.0,2.161
2014-09-30,20.505,20.613,20.527,20.354,5731152.0,54298920.0,2.161
2014-10-08,20.527,20.613,20.57,20.095,8289471.0,78041400.0,2.161
2014-10-09,20.484,21.067,20.959,20.44,12973820.0,124929064.0,2.161
2014-10-10,20.851,21.045,20.613,20.505,8091439.0,77790872.0,2.161
2014-10-13,20.527,20.7,20.678,20.073,8389842.0,78851936.0,2.161
2014-10-14,20.635,20.937,20.592,20.44,7968253.0,76342072.0,2.161
2014-10-15,20.527,22.018,21.607,20.138,16466370.0,161007232.0,2.161
2014-10-16,21.499,21.975,21.132,21.132,12980083.0,129780456.0,2.161
2014-10-17,21.067,21.802,21.78,20.354,11729353.0,113968744.0,2.161
2014-10-20,21.888,22.709,21.996,21.845,13704033.0,140525920.0,2.161
2014-10-21,21.996,22.731,22.666,21.823,16282822.0,168375040.0,2.161
2014-10-22,22.58,22.58,21.413,21.413,13415172.0,137002832.0,2.161
2014-10-23,21.175,21.391,20.916,20.786,8638667.0,84161728.0,2.161
2014-10-24,20.873,21.132,20.376,20.289,8310389.0,79055360.0,2.161
2014-10-27,20.376,21.132,21.002,20.311,6377225.0,61401572.0,2.161
2014-10-28,21.11,21.715,21.607,21.024,7399917.0,73443712.0,2.161
2014-10-29,21.802,23.12,22.839,21.434,19615204.0,202329440.0,2.161
2014-10-30,22.601,23.293,22.839,22.472,13329679.0,141069104.0,2.161
2014-10-31,22.688,23.422,23.422,22.666,15820355.0,168829296.0,2.161
2014-11-03,23.422,23.768,22.428,22.428,32050556.0,341597984.0,2.161
2014-11-04,22.407,22.688,22.45,21.823,13152777.0,135831056.0,2.161
2014-11-05,22.407,22.731,22.601,22.104,8239429.0,85827728.0,2.161
2014-11-06,22.688,22.774,22.774,22.212,7809552.0,81326464.0,2.161
2014-11-07,22.688,23.055,22.191,22.104,9091168.0,95166088.0,2.161
2014-11-10,22.018,22.407,22.407,22.018,5760107.0,59128164.0,2.161
2014-11-11,22.342,22.385,20.829,20.376,13141761.0,129732312.0,2.161
2014-11-12,20.786,21.089,21.024,20.57,6067751.0,58609912.0,2.161
2014-11-13,20.959,20.981,20.16,20.095,9992229.0,93986912.0,2.161
2014-11-14,19.987,20.462,20.333,19.965,4404647.0,41256364.0,2.161
2014-11-17,20.246,21.326,21.046,20.203,8638840.0,83702336.0,2.161
2014-11-18,21.046,21.434,21.002,20.678,7059146.0,68974256.0,2.161
2014-11-19,21.067,21.175,21.067,20.7,4399881.0,42786408.0,2.161
2014-11-20,20.765,21.11,20.959,20.765,3920875.0,37964424.0,2.161
2014-11-21,20.981,21.456,21.089,20.851,6529933.0,64003536.0,2.161
2014-11-24,21.132,21.391,21.262,21.132,5922814.0,58208416.0,2.161
2014-11-25,21.262,21.715,21.629,21.262,5936213.0,59055188.0,2.161
2014-11-26,21.759,21.78,21.435,21.262,6625148.0,65820296.0,2.161
2014-11-27,21.305,21.564,21.283,21.154,8500057.0,83992136.0,2.161
2014-11-28,21.283,21.37,20.873,20.7,10285660.0,99729864.0,2.161
2014-12-01,20.765,20.938,20.57,20.527,7066925.0,67714968.0,2.161
2014-12-02,20.57,21.089,20.851,20.549,7706904.0,74694344.0,2.161
2014-12-03,20.916,21.435,21.391,20.808,11332207.0,110877728.0,2.161
2014-12-04,21.499,22.212,21.802,21.391,12536818.0,126888272.0,2.161
2014-12-05,21.651,21.651,20.592,19.987,11624925.0,111804272.0,2.161
2014-12-08,20.505,20.613,20.181,19.879,8959721.0,83981456.0,2.161
2014-12-09,20.116,20.116,19.101,19.079,10757853.0,97979504.0,2.161
2014-12-10,19.231,20.008,19.965,19.231,6224403.0,56810908.0,2.161
2014-12-11,19.965,20.462,20.138,19.706,5989389.0,55757156.0,2.161
2014-12-12,20.181,20.484,20.419,19.987,6362892.0,59537044.0,2.161
2014-12-15,20.354,20.484,20.484,20.116,5814166.0,54719544.0,2.161
2014-12-16,20.441,20.786,20.678,20.203,7146639.0,67824440.0,2.161
2014-12-17,20.592,21.478,21.24,20.376,15782105.0,153385488.0,2.161
2014-12-18,21.24,21.24,20.722,20.635,6985841.0,67568296.0,2.161
2014-12-19,20.635,20.635,19.792,19.555,9609211.0,88195528.0,2.161
2014-12-22,19.814,19.879,18.561,18.323,7451968.0,65079004.0,2.161
2014-12-23,18.453,19.058,18.518,18.366,4535417.0,39196840.0,2.161
2014-12-24,18.518,18.95,18.885,18.518,3155760.0,27452242.0,2.161
2014-12-25,18.907,19.209,19.123,18.842,3800673.0,33406254.0,2.161
2014-12-26,19.209,19.555,19.295,18.863,5157551.0,45766208.0,2.161
2014-12-29,19.295,19.684,19.123,18.798,6188817.0,54679276.0,2.161
2014-12-30,19.015,19.468,18.626,18.582,4963171.0,43651316.0,2.161
2014-12-31,18.647,18.906,18.734,18.453,3180485.0,27458834.0,2.161
2015-01-05,18.928,19.209,19.123,18.863,4158286.0,36660684.0,2.161
2015-01-06,19.015,19.598,19.555,18.755,7224296.0,64407904.0,2.161
2015-01-07,19.555,19.576,19.36,19.187,3674872.0,32920504.0,2.161
2015-01-08,19.252,19.576,19.295,19.144,3304671.0,29636958.0,2.161
2015-01-09,19.231,19.49,19.166,19.166,2773996.0,24837720.0,2.161
2015-01-12,19.015,19.144,18.712,18.712,3429110.0,29979974.0,2.161
2015-01-13,18.69,19.144,19.144,18.582,3023883.0,26527126.0,2.161
2015-01-14,19.231,19.728,19.684,19.123,6359673.0,57294100.0,2.161
2015-04-27,21.651,21.651,21.651,21.651,545632.0,5467233.0,2.161
2015-04-28,23.811,23.811,23.811,23.811,397772.0,4383448.0,2.161
2015-04-29,26.188,26.188,26.188,25.0,34180660.0,408245696.0,2.161
2015-04-30,26.361,26.988,25.475,25.453,37418188.0,450805312.0,2.161
2015-05-04,25.194,25.475,24.805,24.697,21743944.0,251126608.0,2.161
2015-05-05,24.741,25.886,25.54,24.438,21779102.0,252524384.0,2.161
2015-05-06,25.389,25.648,24.028,23.984,16191751.0,186693712.0,2.161
2015-05-07,24.049,24.654,24.092,23.79,12469195.0,139640976.0,2.161
2015-05-08,24.524,25.151,25.151,24.2,13031748.0,148865200.0,2.161
2015-05-11,25.281,25.864,25.713,24.913,22709436.0,267687632.0,2.161
2015-05-12,25.713,25.756,25.756,25.021,17837052.0,209701104.0,2.161
2015-05-13,25.67,27.83,26.642,25.324,25580596.0,317081472.0,2.161
2015-05-14,26.685,27.333,26.88,26.037,15933853.0,196895504.0,2.161
2015-05-15,26.685,26.836,25.972,25.734,12907204.0,156125024.0,2.161
2015-05-18,25.756,27.441,27.182,25.756,16690170.0,206126784.0,2.161
2015-05-19,27.225,28.522,28.219,27.225,18777296.0,241467168.0,2.161
2015-05-20,28.111,29.991,27.874,27.787,22920618.0,308056352.0,2.161
2015-05-21,27.895,29.602,29.386,27.895,17446660.0,233450704.0,2.161
2015-05-22,30.229,30.942,30.142,29.408,19440158.0,272125984.0,2.161
2015-05-25,30.121,33.167,33.167,29.71,19403158.0,284650464.0,2.161
2015-05-26,34.14,36.495,36.236,34.14,33192494.0,548836160.0,2.161
2015-05-27,35.436,36.084,35.134,33.794,23850068.0,387647584.0,2.161
2015-05-28,35.177,35.198,31.763,31.676,20173568.0,318282880.0,2.161
2015-05-29,31.547,33.275,32.649,30.207,18375214.0,272325088.0,2.161
2015-06-01,32.26,34.982,34.702,32.26,15282615.0,242155584.0,2.161
2015-06-02,34.702,38.18,38.18,34.14,18842310.0,314101312.0,2.161
2015-06-03,39.758,41.378,38.915,36.473,22150466.0,402075328.0,2.161
2015-06-04,38.677,39.714,37.813,35.026,17724488.0,305893600.0,2.161
2015-06-05,38.483,39.001,38.418,36.776,16542447.0,292932544.0,2.161
2015-06-08,38.332,38.353,36.409,35.393,19487494.0,330855360.0,2.161
2015-06-09,36.106,37.899,36.798,35.998,14349039.0,245545616.0,2.161
2015-06-10,36.517,37.705,37.251,35.89,12859689.0,220376544.0,2.161
2015-06-11,37.239,39.759,39.52,37.108,16967164.0,300127744.0,2.173
2015-06-12,39.716,42.149,39.933,38.455,18615736.0,345097984.0,2.173
2015-06-15,40.085,41.28,39.346,39.085,12591633.0,232454000.0,2.173
2015-06-16,39.107,39.107,36.283,35.892,14621865.0,250652400.0,2.173
2015-06-17,36.109,37.499,37.434,34.784,12064864.0,199954208.0,2.173
2015-06-18,37.217,38.477,36.587,36.283,12137242.0,209619008.0,2.173
2015-06-19,35.196,36.283,32.937,32.937,9824680.0,154433040.0,2.173
2015-06-23,32.611,33.437,31.981,29.787,10251245.0,149477648.0,2.173
2015-06-24,32.046,33.024,32.959,31.742,10421219.0,156006368.0,2.173
2015-06-25,33.024,33.611,31.699,31.329,10187052.0,153987712.0,2.173
2015-06-26,30.525,30.808,28.527,28.527,9558240.0,129153280.0,2.173
2015-06-29,29.113,29.743,25.702,25.68,13807586.0,173212560.0,2.173
2015-06-30,25.854,28.266,28.266,23.703,13943737.0,167701328.0,2.173
2015-07-01,28.331,29.895,27.158,26.528,13218143.0,175789584.0,2.173
2015-07-02,27.158,28.005,24.898,24.442,14489172.0,173919088.0,2.173
2015-07-03,24.333,26.289,23.117,22.487,11828457.0,130240752.0,2.173
2015-07-06,25.42,25.42,21.726,20.814,15845004.0,168594112.0,2.173
2015-07-07,20.662,21.292,19.554,19.554,8614808.0,79673224.0,2.173
2015-07-08,17.598,18.467,17.598,17.598,24180240.0,196598080.0,2.173
2015-07-09,16.295,19.358,19.358,16.295,10748103.0,92273536.0,2.173
2015-07-10,20.857,21.292,21.292,20.01,6333222.0,61389212.0,2.173
2015-07-13,22.465,23.421,23.421,21.944,13207352.0,140291232.0,2.173
2015-07-14,24.333,25.224,24.116,22.813,20106676.0,224039152.0,2.173
2015-07-15,23.204,23.942,21.705,21.705,13895601.0,143495312.0,2.173
2015-07-16,19.554,23.225,22.291,19.554,12774288.0,127794624.0,2.173
2015-07-17,22.356,24.116,23.769,22.291,10800751.0,116267928.0,2.173
2015-07-20,23.747,24.551,23.834,23.204,11498800.0,126812392.0,2.173
2015-07-21,23.334,24.442,23.986,22.986,8229719.0,90315792.0,2.173
2015-07-22,23.899,25.094,24.92,23.508,12508132.0,141008128.0,2.173
2015-07-23,24.79,25.811,25.55,24.333,12214415.0,141553744.0,2.173
2015-07-24,25.528,26.832,25.116,23.942,16708128.0,199071808.0,2.173
2015-07-27,24.312,25.181,22.595,22.595,14173429.0,156102432.0,2.173
2015-07-28,20.857,22.986,22.161,20.444,13216138.0,131799632.0,2.173
2015-07-29,22.66,23.464,23.464,21.292,9054265.0,93128424.0,2.173
2015-07-30,23.225,23.834,22.378,22.269,9067868.0,97291696.0,2.173
2015-07-31,21.77,22.704,21.944,21.726,6529543.0,66494828.0,2.173
2015-08-03,21.748,22.074,19.945,19.749,8190133.0,77334008.0,2.173
2015-08-04,20.379,21.857,21.857,20.205,7562431.0,72766184.0,2.173
2015-08-05,21.661,22.378,21.683,21.248,8758234.0,88402176.0,2.173
2015-08-06,21.335,22.248,22.074,20.792,7575059.0,76231224.0,2.173
2015-08-07,22.139,23.225,23.117,22.139,8092804.0,84569880.0,2.173
2015-08-10,23.464,24.442,24.138,22.965,10222716.0,112418696.0,2.173
2015-08-11,23.964,24.529,24.095,23.747,10624557.0,118244864.0,2.173
2015-08-12,23.79,25.42,24.964,23.595,15532913.0,175978752.0,2.173
2015-08-13,24.724,27.462,27.136,24.551,24674224.0,296832832.0,2.173
2015-08-14,26.767,28.222,27.158,26.745,26821908.0,339155392.0,2.173
2015-08-17,26.506,29.461,28.679,25.898,20349724.0,257368560.0,2.173
2015-08-18,28.527,29.439,25.811,25.811,24332636.0,311863552.0,2.173
2015-08-19,24.507,27.114,26.55,23.464,14415429.0,168892896.0,2.173
2015-08-20,26.093,27.223,25.355,25.116,10941817.0,132231680.0,2.173
2015-08-21,24.964,25.333,23.856,23.139,11625875.0,130541896.0,2.173
2015-08-24,23.139,23.247,21.466,21.466,7076114.0,71005272.0,2.173
2015-08-25,19.597,20.205,19.315,19.315,9620875.0,86383320.0,2.173
2015-08-26,19.662,20.314,18.25,17.816,9861361.0,87978504.0,2.173
2015-08-27,18.989,19.336,18.793,17.055,9199243.0,77927904.0,2.173
2015-08-28,18.859,20.184,20.162,18.859,9900551.0,88903240.0,2.173
2015-08-31,19.988,19.988,19.119,19.011,6927540.0,62204428.0,2.173
2015-09-01,18.945,19.945,19.619,17.62,11100889.0,96708400.0,2.173
2015-09-02,18.207,21.574,20.64,18.207,20903148.0,200731664.0,2.173
2015-09-07,20.531,21.639,18.902,18.685,18812568.0,174709824.0,2.173
2015-09-08,18.663,19.923,19.662,17.685,8890622.0,76697800.0,2.173
2015-09-09,19.771,20.575,20.336,19.575,14189286.0,130738080.0,2.173
2015-09-10,19.858,20.162,19.597,19.554,7422008.0,67723328.0,2.173
2015-09-11,19.597,19.836,19.749,18.837,6057711.0,54236908.0,2.173
2015-09-14,19.771,20.119,17.772,17.772,7072053.0,60648584.0,2.173
2015-09-15,17.229,17.555,15.991,15.991,7097457.0,54444924.0,2.173
2015-09-16,16.143,17.598,17.577,16.077,8556516.0,65983024.0,2.173
2015-09-17,17.49,18.076,17.034,16.99,7122677.0,57588052.0,2.173
2015-09-18,17.381,18.315,17.816,17.381,6610656.0,54198752.0,2.173
2015-09-21,17.338,18.663,18.467,17.142,7498864.0,62121892.0,2.173
2015-09-22,18.641,20.205,19.554,18.424,12782983.0,112764312.0,2.173
2015-09-23,19.032,19.423,18.663,18.511,7979089.0,69552624.0,2.173
2015-09-24,18.859,19.293,19.184,18.663,5223178.0,45616180.0,2.173
2015-09-25,19.011,19.38,18.359,18.163,5170523.0,44485904.0,2.173
2015-09-28,18.359,18.924,18.641,18.141,4319938.0,36981672.0,2.173
2015-09-29,18.337,18.858,18.728,18.12,4607842.0,39308360.0,2.173
2015-09-30,18.728,19.054,18.88,18.467,4284769.0,37132716.0,2.173
2015-10-08,19.489,19.793,19.576,19.163,7108081.0,63899596.0,2.173
2015-10-09,19.662,20.531,20.227,19.293,9992575.0,90988944.0,2.173
2015-10-12,20.075,21.248,20.923,19.988,11522522.0,109470456.0,2.173
2015-10-13,20.64,21.183,20.944,20.488,6514640.0,62637024.0,2.173
2015-10-14,20.814,21.183,20.531,20.531,7171597.0,68741632.0,2.173
2015-10-15,20.51,21.248,21.205,20.336,8475597.0,81544360.0,2.173
2015-10-16,21.618,22.335,21.748,21.335,11287910.0,112880848.0,2.173
2015-10-19,21.726,21.922,21.401,21.118,10616817.0,104830760.0,2.173
2015-10-20,21.335,21.878,21.813,21.292,7531992.0,75045232.0,2.173
2015-10-21,21.857,23.747,21.944,21.4,27728472.0,288859328.0,2.173
2015-10-22,22.378,22.726,22.248,20.857,23877530.0,243273120.0,2.173
2015-10-23,22.509,23.53,23.465,21.9,20705632.0,215411632.0,2.173
2015-10-26,23.682,24.29,23.421,22.834,18304314.0,198582048.0,2.173
2015-10-27,23.225,23.53,23.464,22.052,12882834.0,134898928.0,2.173
2015-10-28,23.247,23.855,22.465,22.291,11702837.0,124591224.0,2.173
2015-10-29,22.595,22.9,22.574,22.096,8770432.0,91045840.0,2.173
2015-10-30,22.4,22.769,22.204,21.726,8767657.0,90084720.0,2.173
2015-11-02,21.9,22.704,22.052,21.487,7783693.0,79449160.0,2.173
2015-11-03,22.161,23.247,23.03,21.944,12310221.0,128349576.0,2.173
2015-11-04,22.987,24.029,23.964,22.878,14129795.0,153624144.0,2.173
2015-11-05,23.986,25.094,23.79,23.464,16344301.0,182031968.0,2.173
2015-11-06,23.617,24.768,24.486,23.573,10836880.0,121532640.0,2.173
2015-11-09,24.116,25.007,24.79,23.899,11623796.0,131081400.0,2.173
2015-11-10,24.529,25.05,24.594,24.333,8705829.0,98792256.0,2.173
2015-11-11,24.551,25.507,25.333,24.442,11201882.0,128760424.0,2.173
2015-11-12,25.376,25.528,25.442,24.486,10458141.0,120314832.0,2.173
2015-11-13,24.985,26.615,26.05,24.746,15657082.0,186258048.0,2.173
2015-11-16,25.376,27.158,26.723,25.311,12561295.0,153215184.0,2.173
2015-11-17,27.223,27.44,26.615,26.376,10062570.0,124117824.0,2.173
2015-11-18,26.658,26.789,25.55,25.442,8644963.0,104346720.0,2.173
2015-11-19,25.55,26.267,26.202,25.55,5825775.0,69325056.0,2.173
2015-11-20,26.158,26.55,26.354,26.072,6426895.0,77819816.0,2.173
2015-11-23,25.811,26.832,26.224,25.811,8959531.0,109045800.0,2.173
2015-11-24,26.224,26.289,26.224,25.55,7833226.0,93398440.0,2.173
2015-11-25,26.332,27.267,27.093,26.289,10041447.0,124626520.0,2.173
2015-11-26,27.158,28.244,27.419,27.006,9908162.0,125935072.0,2.173
2015-11-27,27.375,28.027,25.203,24.985,13764695.0,168097600.0,2.173
2015-11-30,25.224,25.941,25.42,23.703,9924795.0,113431528.0,2.173
2015-12-01,25.442,27.962,27.962,25.224,21340444.0,271939264.0,2.173
2015-12-02,27.94,27.94,26.832,25.42,14216293.0,175869040.0,2.173
2015-12-03,26.745,29.526,29.526,26.745,21777828.0,290982336.0,2.173
2015-12-04,29.07,31.242,30.113,28.787,19062986.0,263633744.0,2.173
2015-12-07,29.765,31.047,29.961,29.591,13116004.0,181800848.0,2.173
2015-12-08,30.026,30.373,29.526,28.853,10269823.0,139382784.0,2.173
2015-12-09,29.439,29.526,28.939,28.505,8466316.0,112581208.0,2.173
2015-12-10,29.135,30.96,30.134,28.961,13420241.0,186363552.0,2.173
2015-12-11,29.917,30.417,29.439,29.026,5470971.0,74132624.0,2.173
2015-12-14,29.287,31.242,31.069,28.939,9448340.0,131941456.0,2.173
2015-12-15,30.917,31.807,31.09,30.743,7446942.0,107031552.0,2.173
2015-12-16,31.199,31.503,30.308,30.308,8919169.0,126767904.0,2.173
2015-12-17,30.482,31.634,31.503,30.439,9497018.0,135420784.0,2.173
2015-12-18,31.308,31.568,31.004,30.786,6561718.0,94087424.0,2.173
2015-12-21,30.808,32.524,32.285,30.46,9302936.0,134559408.0,2.173
2015-12-22,31.959,32.481,31.742,31.481,8165745.0,119503712.0,2.173
2015-12-23,31.699,31.981,31.981,31.394,7616454.0,111302080.0,2.173
2015-12-24,32.133,32.307,31.242,30.851,6260688.0,90461880.0,2.173
2015-12-25,31.264,31.46,31.46,30.591,6823517.0,97660096.0,2.173
2015-12-28,31.503,31.547,30.026,30.026,7094675.0,100360232.0,2.173
2015-12-29,30.113,30.982,30.982,29.157,8042576.0,110505320.0,2.173
2015-12-30,31.047,31.156,30.786,30.612,4538506.0,64401780.0,2.173
2015-12-31,30.808,31.156,30.178,29.982,4338915.0,61542860.0,2.173
2016-01-04,29.7,30.134,27.245,27.18,5361536.0,70569256.0,2.173
2016-01-05,26.093,27.332,27.049,24.985,8641150.0,105079296.0,2.173
2016-01-06,27.049,28.201,27.94,27.049,5087821.0,64904868.0,2.173
2016-01-07,27.267,27.484,25.355,25.203,1464718.0,17878978.0,2.173
2016-01-08,26.072,26.571,25.116,23.899,7949451.0,92397128.0,2.173
2016-01-11,24.247,24.811,22.595,22.595,5677778.0,61928956.0,2.173
2016-01-12,22.378,23.03,22.27,21.487,4710065.0,47946696.0,2.173
2016-01-13,22.465,22.704,21.792,21.792,3892381.0,39877860.0,2.173
2016-01-14,21.075,22.487,22.27,20.662,5261960.0,52545272.0,2.173
2016-01-15,22.204,22.508,21.574,21.509,3944674.0,40119212.0,2.173
2016-01-18,20.705,22.248,22.009,20.705,4279789.0,42702116.0,2.173
2016-01-19,22.031,22.813,22.748,21.792,4879465.0,50342472.0,2.173
2016-01-20,22.574,23.247,22.139,21.857,6911983.0,71646496.0,2.173
2016-01-21,21.792,22.552,21.596,21.596,5428403.0,55062420.0,2.173
2016-01-22,21.987,22.4,21.835,21.161,3943010.0,39517120.0,2.173
2016-01-25,22.183,22.183,21.944,21.748,4174906.0,42293788.0,2.173
2016-01-26,21.313,21.791,19.749,19.749,6339726.0,60812728.0,2.173
2016-01-27,20.097,20.097,19.293,17.881,5067802.0,44164168.0,2.173
2016-01-28,19.119,19.271,17.903,17.577,3014459.0,26033164.0,2.173
2016-01-29,18.076,18.924,18.663,17.881,3389064.0,28797194.0,2.173
2016-02-01,18.467,19.836,19.402,18.402,5303042.0,46702448.0,2.173
2016-02-02,19.315,20.292,20.119,19.141,4308187.0,39323636.0,2.173
2016-02-03,19.858,20.618,20.423,19.575,3311914.0,30699184.0,2.173
2016-02-04,20.423,21.596,21.183,20.379,5705093.0,55683164.0,2.173
2016-02-05,21.292,21.487,20.857,20.857,2767556.0,26870670.0,2.173
2016-02-15,20.206,20.684,20.488,19.814,3192836.0,29760824.0,2.173
2016-02-16,20.445,21.661,21.422,20.445,4606559.0,44934184.0,2.173
2016-02-17,21.314,21.857,21.813,21.031,4944050.0,48825560.0,2.173
2016-02-18,21.792,22.031,21.335,21.227,3941670.0,39197432.0,2.173
2016-02-19,21.401,22.009,21.64,21.379,3633875.0,36230600.0,2.173
2016-02-22,21.944,22.291,22.139,21.857,5025755.0,51063512.0,2.173
2016-02-23,22.161,22.378,22.031,21.9,3859142.0,39161472.0,2.173
2016-02-24,22.052,22.248,22.031,21.401,3931172.0,39516060.0,2.173
2016-02-25,21.944,22.052,19.858,19.836,6132344.0,58814956.0,2.173
2016-02-26,20.423,20.51,20.01,19.402,3567366.0,32726234.0,2.173
2016-02-29,19.88,19.901,18.685,18.446,3484099.0,30177186.0,2.173
2016-03-01,18.728,19.532,19.271,18.576,3440953.0,29975470.0,2.173
2016-03-02,19.206,20.271,20.14,19.141,4377516.0,39911140.0,2.173
2016-03-03,20.162,20.597,20.249,19.945,4725266.0,44171444.0,2.173
2016-03-04,20.206,20.401,19.554,19.293,3288647.0,30074588.0,2.173
2016-03-07,19.749,20.358,20.032,19.684,2911793.0,26855538.0,2.173
2016-03-08,20.162,20.249,20.227,18.924,3144359.0,28532064.0,2.173
2016-03-09,20.01,20.01,19.706,19.358,2437324.0,22186048.0,2.173
2016-03-10,19.728,20.032,19.184,19.054,3355872.0,30187944.0,2.173
2016-03-11,19.141,19.315,19.141,18.837,1923755.0,16887144.0,2.173
2016-03-14,19.336,20.206,19.858,19.336,4152064.0,37949628.0,2.173
2016-03-15,19.814,20.162,19.988,19.771,3750076.0,34532944.0,2.173
2016-03-16,20.292,20.944,20.466,20.292,7640920.0,72486272.0,2.173
2016-03-17,20.292,21.14,20.857,20.292,5544862.0,53018444.0,2.173
2016-03-18,20.922,21.487,21.357,20.77,6153733.0,60090308.0,2.173
2016-03-21,21.487,21.792,21.748,21.4,5805840.0,57755636.0,2.173
2016-03-22,21.661,21.944,21.705,21.444,5572249.0,55653736.0,2.173
2016-03-23,21.705,22.378,22.27,21.596,5864987.0,59334148.0,2.173
2016-03-24,22.096,22.27,21.77,21.639,5514736.0,55608452.0,2.173
2016-03-25,21.835,22.009,21.813,21.618,2744650.0,27533572.0,2.173
2016-03-28,21.922,22.487,21.987,21.857,4868124.0,49731516.0,2.173
2016-03-29,21.987,22.074,21.444,20.988,3744021.0,37180312.0,2.173
2016-03-30,21.944,23.595,23.204,21.944,12967491.0,136532032.0,2.173
2016-03-31,22.9,23.769,23.03,22.878,9617359.0,103049344.0,2.173
2016-04-01,22.813,24.768,24.355,22.704,12956083.0,140901008.0,2.173
2016-04-05,23.899,24.898,24.725,23.682,13329328.0,149125072.0,2.173
2016-04-06,24.399,25.007,24.377,24.16,7618091.0,85960736.0,2.173
2016-04-07,24.594,24.746,23.421,23.421,7148621.0,78913112.0,2.173
2016-04-08,23.464,24.116,23.682,23.269,5505908.0,60089836.0,2.173
2016-04-11,23.964,24.551,24.312,23.725,5976743.0,66625520.0,2.173
2016-04-12,24.312,24.312,24.095,23.899,4743946.0,52551212.0,2.173
2016-04-13,24.334,25.007,24.486,24.181,9885549.0,112519120.0,2.173
2016-04-14,24.594,25.246,25.224,24.334,5721312.0,65046820.0,2.173
2016-04-15,25.224,26.05,25.615,25.051,8509576.0,100149464.0,2.173
2016-04-18,25.376,25.659,25.159,24.877,5839674.0,67854072.0,2.173
2016-04-19,25.42,25.507,25.311,24.985,3448248.0,40044108.0,2.173
2016-04-20,25.203,25.485,24.029,23.182,8999920.0,100001856.0,2.173
2016-04-21,23.812,24.377,23.812,23.682,5466919.0,60535976.0,2.173
2016-04-22,23.573,24.073,23.986,23.464,2693637.0,29531824.0,2.173
2016-04-25,24.073,24.181,23.964,23.508,2762685.0,30377162.0,2.173
2016-04-26,23.986,25.637,25.485,23.856,8844858.0,101230816.0,2.173
2016-04-27,25.29,25.768,25.181,25.051,5141584.0,60018908.0,2.173
2016-04-28,25.181,25.811,25.637,24.486,5178137.0,59801024.0,2.173
2016-04-29,25.268,25.811,25.224,25.224,3520875.0,41323844.0,2.173
2016-05-03,25.246,25.898,25.833,24.811,4253852.0,50052116.0,2.173
2016-05-04,25.833,26.18,25.615,25.463,5666093.0,67431792.0,2.173
2016-05-05,25.572,26.289,25.963,25.376,4379760.0,52212816.0,2.173
2016-05-06,26.072,26.072,24.225,24.181,7109891.0,81984856.0,2.173
2016-05-09,23.899,23.899,22.878,22.552,5232591.0,55369836.0,2.173
2016-05-10,22.915,23.336,22.118,21.94,5897249.0,60148204.0,2.216
2016-05-11,22.273,22.406,21.741,21.608,4887892.0,48533694.0,2.216
2016-05-12,21.054,22.007,21.785,20.832,3877897.0,37638301.0,2.216
2016-05-13,21.962,22.228,21.652,21.608,2464095.0,24309058.0,2.216
2016-05-16,21.918,22.605,22.361,21.541,3697608.0,36941332.0,2.216
2016-05-17,22.184,22.583,22.007,21.807,3179544.0,31842701.0,2.216
2016-05-18,21.962,23.115,22.494,21.785,6934917.0,69995988.0,2.216
2016-05-19,22.295,23.713,22.893,22.206,8360199.0,86629490.0,2.216
2016-05-20,22.494,23.469,23.203,22.472,4062090.0,42054607.0,2.216
2016-05-23,23.048,23.58,23.558,22.782,5797004.0,60620199.0,2.216
2016-05-24,23.336,24.267,24.001,23.048,9934891.0,106277012.0,2.216
2016-05-25,23.913,24.112,24.001,23.558,4735520.0,51083512.0,2.216
2016-05-26,23.757,24.179,23.957,23.115,7186817.0,76641198.0,2.216
2016-05-27,23.78,24.156,23.58,23.514,6710487.0,72409299.0,2.216
2016-05-30,23.403,24.023,23.58,23.137,3652144.0,38994550.0,2.216
2016-05-31,23.491,24.577,24.356,23.447,8081208.0,88359724.0,2.216
2016-06-01,24.334,25.353,24.999,24.289,9560265.0,107308170.0,2.216
2016-06-02,24.843,25.131,25.087,24.555,3962492.0,44440535.0,2.216
2016-06-03,25.021,25.597,25.597,24.733,5719413.0,65153563.0,2.216
2016-06-06,25.575,25.73,25.442,25.198,4652005.0,53480536.0,2.216
2016-06-07,25.42,25.752,25.154,25.087,6339372.0,72426253.0,2.216
2016-06-08,25.176,25.442,24.954,24.777,5158300.0,58475363.0,2.216
2016-06-13,24.622,24.843,23.935,23.935,4390031.0,48531161.0,2.216
2016-06-14,23.935,24.112,23.669,23.314,2931900.0,31338963.0,2.216
2016-06-15,23.469,25.154,25.131,23.292,7603900.0,84600539.0,2.216
2016-06-16,25.22,25.575,25.22,24.733,7952175.0,90237123.0,2.216
2016-06-17,25.309,25.929,25.774,25.309,6785983.0,78601677.0,2.216
2016-06-20,25.53,25.708,25.287,24.976,6252867.0,71211220.0,2.216
2016-06-21,25.309,25.53,24.422,24.223,6053379.0,68151766.0,2.216
2016-06-22,24.068,24.976,24.888,23.935,5162878.0,56670787.0,2.216
2016-06-23,24.732,25.153,24.976,24.489,5798651.0,65133031.0,2.216
2016-06-24,24.954,25.353,24.821,23.935,5756053.0,64382293.0,2.216
2016-06-27,24.622,25.375,25.287,24.599,5016481.0,56748828.0,2.216
2016-06-28,25.109,25.796,25.663,25.065,8383013.0,96652099.0,2.216
2016-06-29,25.752,26.106,25.929,25.442,7734858.0,90035669.0,2.216
2016-06-30,26.04,26.55,26.372,25.597,9922153.0,117139405.0,2.216
2016-07-01,26.439,26.528,25.818,25.619,7160357.0,83924958.0,2.216
2016-07-04,25.597,26.505,26.217,25.597,8876620.0,104875421.0,2.216
2016-07-05,26.328,26.927,26.417,25.929,8500800.0,101125403.0,2.216
2016-07-06,26.262,27.591,27.392,26.151,15623934.0,189678701.0,2.216
2016-07-07,27.104,27.259,26.882,26.528,10736375.0,129923535.0,2.216
2016-07-08,26.727,27.259,26.683,26.638,4786253.0,58063184.0,2.216
2016-07-11,26.594,26.927,26.816,26.439,5138780.0,61767521.0,2.216
2016-07-12,26.771,27.746,27.481,26.439,11839158.0,145139215.0,2.216
2016-07-13,27.481,27.591,26.971,26.904,6684869.0,81649683.0,2.216
2016-07-14,26.971,27.259,26.528,26.483,5599589.0,67854941.0,2.216
2016-07-15,26.616,26.793,26.328,26.262,4021963.0,48004573.0,2.216
2016-07-18,26.328,26.86,26.86,25.73,8273957.0,98761106.0,2.216
2016-07-19,26.661,26.926,26.262,26.04,5953875.0,70788403.0,2.216
2016-07-20,26.328,27.259,27.015,26.217,10076986.0,122221045.0,2.216
2016-07-21,26.971,27.591,27.015,26.661,11489360.0,140748318.0,2.216
2016-07-22,27.037,27.259,26.926,26.793,6428860.0,78352032.0,2.216
2016-07-25,26.727,27.325,27.237,26.638,7504449.0,91776760.0,2.216
2016-07-26,27.237,27.591,27.436,27.082,8075338.0,99838845.0,2.216
2016-07-27,27.414,27.547,25.309,24.71,10584595.0,124666533.0,2.216
2016-07-28,25.309,25.597,25.309,24.821,4345588.0,49483502.0,2.216
2016-07-29,25.331,25.442,25.198,24.821,2809562.0,31916375.0,2.216
2016-08-01,25.198,25.242,24.201,23.824,4434764.0,49053829.0,2.216
2016-08-02,24.178,24.467,24.4,24.09,2552190.0,27965622.0,2.216
2016-08-03,24.467,24.688,24.511,24.289,2969238.0,32782314.0,2.216
2016-08-04,24.4,25.309,24.954,24.4,7922155.0,88905144.0,2.216
2016-08-05,25.043,25.619,25.176,24.666,8018835.0,91139645.0,2.216
2016-08-08,25.486,25.597,25.242,25.043,5705322.0,65083171.0,2.216
2016-08-09,25.331,25.331,25.154,24.932,4825192.0,54627227.0,2.216
2016-08-10,25.242,25.309,25.131,24.932,3930597.0,44579184.0,2.216
2016-08-11,25.021,25.131,24.378,24.378,4622799.0,51453560.0,2.216
2016-08-12,24.444,24.622,24.533,24.178,3561404.0,39328457.0,2.216
2016-08-15,24.533,25.154,25.131,24.422,5873389.0,65913651.0,2.216
2016-08-16,25.109,26.217,25.929,25.043,11787560.0,136515037.0,2.216
2016-08-17,25.818,28.522,28.522,25.708,27709618.0,346764676.0,2.216
2016-08-18,28.145,29.453,28.699,27.702,37910474.0,488952495.0,2.216
2016-08-19,28.323,29.143,28.832,27.879,15582550.0,201482027.0,2.216
2016-08-22,28.589,29.409,28.057,27.879,14320214.0,185673858.0,2.216
2016-08-23,28.012,28.677,27.902,27.259,10819804.0,136531862.0,2.216
2016-08-24,27.835,30.517,29.01,27.835,23703443.0,312927676.0,2.216
2016-08-25,28.766,28.899,28.456,28.035,9624330.0,123308463.0,2.216
2016-08-26,28.522,28.965,28.5,28.19,8209650.0,105603559.0,2.216
2016-08-29,28.411,28.987,28.81,28.256,6707618.0,86549132.0,2.216
2016-08-30,28.744,28.921,28.478,28.301,5675420.0,73014818.0,2.216
2016-08-31,28.411,29.098,29.01,27.436,16388003.0,208882366.0,2.216
2016-09-01,28.766,28.988,28.278,28.278,8705298.0,112523080.0,2.216
2016-09-02,28.079,28.5,28.057,27.702,5205748.0,66173156.0,2.216
2016-09-05,28.101,29.32,28.567,28.101,23523777.0,305684778.0,2.216
2016-09-06,28.367,28.522,28.234,27.481,11176037.0,141329684.0,2.216
2016-09-07,28.478,28.921,27.924,27.924,11681450.0,148877689.0,2.216
2016-09-08,27.746,28.035,27.591,27.503,8163559.0,101846761.0,2.216
2016-09-09,27.547,28.19,27.614,27.481,7302853.0,91491526.0,2.216
2016-09-12,27.037,27.104,25.752,25.708,11172895.0,133503650.0,2.216
2016-09-13,25.885,26.239,26.084,25.73,4833101.0,56820612.0,2.216
2016-09-14,25.863,26.572,25.885,25.73,4235958.0,49863447.0,2.216
2016-09-19,25.708,26.55,26.151,25.619,3655987.0,43132640.0,2.216
2016-09-20,26.195,26.35,26.306,25.973,2971623.0,35138897.0,2.216
2016-09-21,26.306,26.483,26.395,26.195,2808000.0,33427665.0,2.216
2016-09-22,26.528,26.904,26.616,26.439,4972913.0,59882970.0,2.216
2016-09-23,26.749,26.749,26.217,26.195,3009285.0,35942149.0,2.216
2016-09-26,26.129,26.262,25.73,25.685,4549190.0,53069236.0,2.216
2016-09-27,25.685,26.107,26.107,25.552,3099602.0,36084189.0,2.216
2016-09-28,26.151,26.239,26.107,26.018,1947584.0,22960763.0,2.216
2016-09-29,26.106,26.616,26.461,26.106,3629891.0,43319185.0,2.216
2016-09-30,26.483,26.683,26.572,26.328,2469899.0,29557965.0,2.216
2016-10-10,26.705,27.281,27.237,26.705,4347718.0,53103936.0,2.216
2016-10-11,27.303,27.325,27.192,26.949,3621676.0,44277320.0,2.216
2016-10-12,27.126,27.37,27.259,26.993,3159515.0,38785092.0,2.216
2016-10-13,27.215,27.48,27.414,27.082,3721729.0,45852874.0,2.216
2016-10-14,27.414,27.414,27.148,26.705,4228028.0,51549149.0,2.216
2016-10-17,27.17,27.347,26.816,26.683,3198148.0,39009937.0,2.216
2016-10-18,26.749,27.259,27.259,26.749,3225475.0,39387701.0,2.216
2016-10-19,27.37,27.636,27.481,27.192,4918530.0,60920438.0,2.216
2016-10-20,27.481,27.658,27.481,27.215,4579717.0,56708081.0,2.216
2016-10-21,27.348,27.613,27.259,26.949,3541373.0,43613125.0,2.216
2016-10-24,27.148,27.724,27.613,27.037,6084886.0,75544425.0,2.216
2016-10-25,27.503,27.791,27.702,27.48,4073705.0,50837417.0,2.216
2016-10-26,27.702,27.791,27.791,27.458,4158654.0,51885759.0,2.216
2016-10-27,27.835,28.212,27.99,27.636,5487801.0,69184689.0,2.216
2016-10-28,27.857,28.145,27.237,27.192,4479858.0,55843724.0,2.216
2016-10-31,27.192,27.392,27.17,26.926,3014093.0,36899726.0,2.216
2016-11-01,27.148,28.034,28.012,27.148,5711467.0,71351205.0,2.216
2016-11-02,27.924,27.99,27.481,27.348,4072031.0,50826377.0,2.216
2016-11-03,27.636,28.101,27.724,27.414,5458628.0,68722480.0,2.216
2016-11-04,27.791,28.3,28.057,27.68,5679185.0,71831954.0,2.216
2016-11-07,28.012,28.3,28.3,27.813,5534147.0,70112299.0,2.216
2016-11-08,28.345,28.899,28.035,28.012,6509883.0,83603622.0,2.216
2016-11-09,28.456,28.633,27.835,27.613,5912459.0,74758515.0,2.216
2016-11-10,28.034,28.722,28.611,28.034,6230092.0,80089396.0,2.216
2016-11-11,28.367,29.431,29.076,28.367,9287848.0,121561991.0,2.216
2016-11-14,29.143,29.409,29.01,28.655,8128412.0,106586457.0,2.216
2016-11-15,29.143,29.342,29.32,28.788,5001356.0,65556113.0,2.216
2016-11-16,28.899,29.741,28.965,28.899,6213095.0,82007761.0,2.216
2016-11-17,29.209,29.431,29.431,28.699,5353192.0,70183720.0,2.216
2016-11-18,29.475,29.829,29.475,29.253,6183374.0,82326503.0,2.216
2016-11-21,29.453,30.76,30.406,29.386,13442829.0,183770552.0,2.216
2016-11-22,30.273,31.447,30.65,29.918,12280113.0,170384658.0,2.216
2016-11-23,30.539,32.09,31.492,30.317,13711916.0,192044567.0,2.216
2016-11-24,31.359,31.824,30.849,30.694,11038757.0,155016424.0,2.216
2016-11-25,30.805,30.96,30.273,29.098,10261017.0,138457993.0,2.216
2016-11-28,30.251,30.428,29.63,29.408,8036647.0,107891049.0,2.216
2016-11-29,29.608,29.94,28.832,28.721,8147213.0,107543843.0,2.216
2016-11-30,28.854,29.231,29.032,28.389,4789970.0,62591357.0,2.216
2016-12-01,29.098,29.32,29.12,28.81,4074323.0,53445024.0,2.216
2016-12-02,29.01,29.143,27.879,27.724,7088703.0,90671515.0,2.216
2016-12-05,27.458,28.456,28.345,27.303,4354307.0,55005592.0,2.216
2016-12-06,28.345,28.633,28.145,28.101,2932389.0,37508931.0,2.216
2016-12-07,28.234,28.3,28.234,27.857,3333696.0,42242472.0,2.216
2016-12-08,28.367,28.456,28.123,28.101,2884510.0,36779256.0,2.216
2016-12-09,28.212,28.788,28.456,28.034,5143966.0,66201786.0,2.216
2016-12-12,28.455,28.899,27.924,27.392,10228631.0,131100313.0,2.216
2016-12-13,27.635,28.566,28.323,27.436,5231185.0,66202756.0,2.216
2016-12-14,28.167,30.827,29.674,28.167,12093603.0,160945977.0,2.216
2016-12-15,29.32,30.561,30.317,29.298,10451829.0,141447972.0,2.216
2016-12-16,30.339,30.583,30.162,29.94,7277789.0,99213892.0,2.216
2016-12-19,30.539,31.004,30.694,30.095,6761797.0,93485280.0,2.216
2016-12-20,30.672,30.716,29.807,29.564,7111341.0,96369473.0,2.216
2016-12-21,29.719,30.827,30.805,29.63,8225667.0,112448458.0,2.216
2016-12-22,30.583,30.76,30.029,29.697,6843536.0,93418414.0,2.216
2016-12-23,30.118,30.228,28.899,28.899,5405334.0,72106810.0,2.216
2016-12-26,28.832,29.497,29.408,28.544,4068441.0,53451358.0,2.216
2016-12-27,29.408,30.805,30.517,29.165,10800157.0,147850519.0,2.216
2016-12-28,30.361,30.76,30.251,30.14,6315181.0,86647131.0,2.216
2016-12-29,30.361,31.181,30.517,30.029,9952205.0,138082766.0,2.216
2016-12-30,30.561,31.558,31.558,30.295,13470270.0,188961999.0,2.216
2017-01-03,31.359,31.735,31.403,30.827,9422982.0,132656231.0,2.216
2017-01-04,31.381,31.78,30.982,30.738,10325784.0,144824233.0,2.216
2017-01-05,31.004,32.866,31.979,30.805,16279270.0,233656053.0,2.216
2017-01-06,31.558,32.023,31.558,31.203,9425750.0,134231311.0,2.216
2017-01-09,31.248,31.979,31.381,31.137,6205103.0,88171334.0,2.216
2017-01-10,31.226,31.757,30.716,30.627,8551659.0,120321517.0,2.216
2017-01-11,30.45,30.96,30.716,30.428,5436004.0,75260635.0,2.216
2017-01-12,30.539,30.716,30.162,30.073,4983102.0,68187094.0,2.216
2017-01-13,30.118,30.295,28.744,28.655,8149581.0,108301000.0,2.216
2017-01-16,28.544,28.81,27.281,25.863,9074685.0,113726634.0,2.216
2017-01-17,26.948,27.879,27.503,26.926,4686707.0,58161322.0,2.216
2017-01-18,27.503,27.658,27.214,26.815,2656772.0,32806684.0,2.216
2017-01-19,27.037,27.547,27.126,26.616,2399485.0,29338243.0,2.216
2017-01-20,27.037,28.056,27.879,26.948,3418504.0,42748232.0,2.216
2017-01-23,28.057,28.19,27.901,27.724,2826516.0,35659007.0,2.216
2017-01-24,27.99,28.079,27.791,27.635,2130700.0,26772018.0,2.216
2017-01-25,27.746,28.544,28.345,27.724,3271399.0,41699419.0,2.216
2017-01-26,28.5,28.566,28.256,27.946,2124295.0,27097709.0,2.216
